300,1,SACf__MAIN_CL_ST___mtspmdf_1298_run__d_300_300__i__i__d_300_300__i__i__d_300_300__d,0.030794063548387103,0.030793386483870974,0.48489945161290315,
300,2,SACf__MAIN_CL_ST___mtspmdf_1298_run__d_300_300__i__i__d_300_300__i__i__d_300_300__d,0.025825917548387103,0.051151101580645175,0.42810935483870965,
300,3,SACf__MAIN_CL_ST___mtspmdf_1298_run__d_300_300__i__i__d_300_300__i__i__d_300_300__d,0.017505045032258065,0.05200541887096774,0.34945096774193535,
300,4,SACf__MAIN_CL_ST___mtspmdf_1298_run__d_300_300__i__i__d_300_300__i__i__d_300_300__d,0.013395032903225804,0.052797121612903224,0.28113703225806447,
300,5,SACf__MAIN_CL_ST___mtspmdf_1298_run__d_300_300__i__i__d_300_300__i__i__d_300_300__d,0.011329290548387097,0.05559118900000003,0.2785991612903226,
300,6,SACf__MAIN_CL_ST___mtspmdf_1298_run__d_300_300__i__i__d_300_300__i__i__d_300_300__d,0.009795289193548388,0.057507923741935495,0.24787887096774194,
300,7,SACf__MAIN_CL_ST___mtspmdf_1298_run__d_300_300__i__i__d_300_300__i__i__d_300_300__d,0.00851762429032258,0.058439964322580654,0.2451460967741934,
300,8,SACf__MAIN_CL_ST___mtspmdf_1298_run__d_300_300__i__i__d_300_300__i__i__d_300_300__d,0.007860970548387095,0.06136302883870968,0.22785548387096777,
300,9,SACf__MAIN_CL_ST___mtspmdf_1298_run__d_300_300__i__i__d_300_300__i__i__d_300_300__d,0.008026331290322581,0.06981795093548387,0.26367512903225804,
300,10,SACf__MAIN_CL_ST___mtspmdf_1298_run__d_300_300__i__i__d_300_300__i__i__d_300_300__d,0.006500456,0.06363603367741935,0.21824345161290318,
300,11,SACf__MAIN_CL_ST___mtspmdf_1298_run__d_300_300__i__i__d_300_300__i__i__d_300_300__d,0.005933599451612903,0.06331676738709678,0.2193539032258064,
300,12,SACf__MAIN_CL_ST___mtspmdf_1298_run__d_300_300__i__i__d_300_300__i__i__d_300_300__d,0.005739179516129035,0.06730501367741935,0.21123622580645157,
300,13,SACf__MAIN_CL_ST___mtspmdf_1298_run__d_300_300__i__i__d_300_300__i__i__d_300_300__d,0.005453837193548386,0.06910559767741936,0.2213089677419355,
300,14,SACf__MAIN_CL_ST___mtspmdf_1298_run__d_300_300__i__i__d_300_300__i__i__d_300_300__d,0.00520805870967742,0.07084730558064517,0.21366580645161284,
300,15,SACf__MAIN_CL_ST___mtspmdf_1298_run__d_300_300__i__i__d_300_300__i__i__d_300_300__d,0.005053606451612905,0.07414689925806453,0.22606774193548385,
300,16,SACf__MAIN_CL_ST___mtspmdf_1298_run__d_300_300__i__i__d_300_300__i__i__d_300_300__d,0.005068525193548387,0.07800490061290324,0.22417564516129032,
400,1,SACf__MAIN_CL_ST___mtspmdf_1298_run__d_400_400__i__i__d_400_400__i__i__d_400_400__d,0.10262600570967743,0.10262322616129034,1.6133007419354835,
400,2,SACf__MAIN_CL_ST___mtspmdf_1298_run__d_400_400__i__i__d_400_400__i__i__d_400_400__d,0.08526055780645163,0.17000976522580644,1.3787353870967745,
400,3,SACf__MAIN_CL_ST___mtspmdf_1298_run__d_400_400__i__i__d_400_400__i__i__d_400_400__d,0.05882217512903228,0.17585383377419359,1.149281193548387,
400,4,SACf__MAIN_CL_ST___mtspmdf_1298_run__d_400_400__i__i__d_400_400__i__i__d_400_400__d,0.04391374290322581,0.17453857051612898,0.892443935483871,
400,5,SACf__MAIN_CL_ST___mtspmdf_1298_run__d_400_400__i__i__d_400_400__i__i__d_400_400__d,0.03534741658064516,0.17577351403225808,0.843871870967742,
400,6,SACf__MAIN_CL_ST___mtspmdf_1298_run__d_400_400__i__i__d_400_400__i__i__d_400_400__d,0.03071105006451613,0.18260543109677427,0.7989993225806451,
400,7,SACf__MAIN_CL_ST___mtspmdf_1298_run__d_400_400__i__i__d_400_400__i__i__d_400_400__d,0.02658196348387097,0.18468299609677422,0.7688204838709677,
400,8,SACf__MAIN_CL_ST___mtspmdf_1298_run__d_400_400__i__i__d_400_400__i__i__d_400_400__d,0.022832763258064517,0.18112013480645162,0.6554784838709677,
400,9,SACf__MAIN_CL_ST___mtspmdf_1298_run__d_400_400__i__i__d_400_400__i__i__d_400_400__d,0.020600183677419354,0.18426471522580645,0.6616607419354837,
400,10,SACf__MAIN_CL_ST___mtspmdf_1298_run__d_400_400__i__i__d_400_400__i__i__d_400_400__d,0.018687043709677425,0.1845573062258065,0.6115195161290323,
400,11,SACf__MAIN_CL_ST___mtspmdf_1298_run__d_400_400__i__i__d_400_400__i__i__d_400_400__d,0.01714317648387097,0.1866607690645161,0.618883064516129,
400,12,SACf__MAIN_CL_ST___mtspmdf_1298_run__d_400_400__i__i__d_400_400__i__i__d_400_400__d,0.01622648722580645,0.1926060887096774,0.586316,
400,13,SACf__MAIN_CL_ST___mtspmdf_1298_run__d_400_400__i__i__d_400_400__i__i__d_400_400__d,0.014678158677419353,0.18826405877419358,0.5873535806451612,
400,14,SACf__MAIN_CL_ST___mtspmdf_1298_run__d_400_400__i__i__d_400_400__i__i__d_400_400__d,0.01482124035483871,0.2043130370645161,0.5732623870967741,
400,15,SACf__MAIN_CL_ST___mtspmdf_1298_run__d_400_400__i__i__d_400_400__i__i__d_400_400__d,0.01333433648387097,0.1976825740967742,0.5880662903225806,
400,16,SACf__MAIN_CL_ST___mtspmdf_1298_run__d_400_400__i__i__d_400_400__i__i__d_400_400__d,0.012285417580645162,0.19460470529032262,0.5494724838709677,
500,1,SACf__MAIN_CL_ST___mtspmdf_1298_run__d_500_500__i__i__d_500_500__i__i__d_500_500__d,0.16041856241935484,0.1604136946451613,2.5122517741935484,
500,2,SACf__MAIN_CL_ST___mtspmdf_1298_run__d_500_500__i__i__d_500_500__i__i__d_500_500__d,0.17140823012903225,0.34228691483870954,2.730325935483871,
500,3,SACf__MAIN_CL_ST___mtspmdf_1298_run__d_500_500__i__i__d_500_500__i__i__d_500_500__d,0.11311493648387101,0.3386585279032258,2.2118493548387104,
500,4,SACf__MAIN_CL_ST___mtspmdf_1298_run__d_500_500__i__i__d_500_500__i__i__d_500_500__d,0.08540477429032257,0.3409661953870968,1.7420944516129038,
500,5,SACf__MAIN_CL_ST___mtspmdf_1298_run__d_500_500__i__i__d_500_500__i__i__d_500_500__d,0.06817722516129032,0.3402358680967742,1.6256022258064515,
500,6,SACf__MAIN_CL_ST___mtspmdf_1298_run__d_500_500__i__i__d_500_500__i__i__d_500_500__d,0.05748589638709678,0.34354449945161286,1.4012021612903225,
500,7,SACf__MAIN_CL_ST___mtspmdf_1298_run__d_500_500__i__i__d_500_500__i__i__d_500_500__d,0.04901851290322581,0.3421003470000001,1.3782018064516124,
500,8,SACf__MAIN_CL_ST___mtspmdf_1298_run__d_500_500__i__i__d_500_500__i__i__d_500_500__d,0.04401634512903227,0.35011535899999996,1.2585003548387093,
500,9,SACf__MAIN_CL_ST___mtspmdf_1298_run__d_500_500__i__i__d_500_500__i__i__d_500_500__d,0.038655644645161295,0.34646937429032254,1.2583920645161286,
500,10,SACf__MAIN_CL_ST___mtspmdf_1298_run__d_500_500__i__i__d_500_500__i__i__d_500_500__d,0.03458878564516129,0.3440867623225805,1.1405610322580646,
500,11,SACf__MAIN_CL_ST___mtspmdf_1298_run__d_500_500__i__i__d_500_500__i__i__d_500_500__d,0.031793410870967743,0.34804528332258056,1.1551838387096776,
500,12,SACf__MAIN_CL_ST___mtspmdf_1298_run__d_500_500__i__i__d_500_500__i__i__d_500_500__d,0.02979027512903227,0.3548357151935484,1.0941980645161289,
500,13,SACf__MAIN_CL_ST___mtspmdf_1298_run__d_500_500__i__i__d_500_500__i__i__d_500_500__d,0.02730383758064517,0.3532577001290323,1.1036880322580644,
500,14,SACf__MAIN_CL_ST___mtspmdf_1298_run__d_500_500__i__i__d_500_500__i__i__d_500_500__d,0.026165784290322576,0.3639779833548388,1.0425585161290325,
500,15,SACf__MAIN_CL_ST___mtspmdf_1298_run__d_500_500__i__i__d_500_500__i__i__d_500_500__d,0.02393083148387097,0.3569166721935485,1.0683487741935485,
500,16,SACf__MAIN_CL_ST___mtspmdf_1298_run__d_500_500__i__i__d_500_500__i__i__d_500_500__d,0.022822221419354846,0.362030367967742,1.0343897096774193,
600,1,SACf__MAIN_CL_ST___mtspmdf_1298_run__d_600_600__i__i__d_600_600__i__i__d_600_600__d,0.32951176341935484,0.32950004483870987,5.109216225806451,
600,2,SACf__MAIN_CL_ST___mtspmdf_1298_run__d_600_600__i__i__d_600_600__i__i__d_600_600__d,0.3052970515483871,0.6101560043225807,4.860398161290322,
600,3,SACf__MAIN_CL_ST___mtspmdf_1298_run__d_600_600__i__i__d_600_600__i__i__d_600_600__d,0.2015918897419355,0.6042359877419352,3.9418588387096767,
600,4,SACf__MAIN_CL_ST___mtspmdf_1298_run__d_600_600__i__i__d_600_600__i__i__d_600_600__d,0.15247617567741933,0.6092143239032259,3.058416580645161,
600,5,SACf__MAIN_CL_ST___mtspmdf_1298_run__d_600_600__i__i__d_600_600__i__i__d_600_600__d,0.12137636709677417,0.6063112659032257,2.865916161290323,
600,6,SACf__MAIN_CL_ST___mtspmdf_1298_run__d_600_600__i__i__d_600_600__i__i__d_600_600__d,0.10149596467741932,0.607693119451613,2.4759615483870965,
600,7,SACf__MAIN_CL_ST___mtspmdf_1298_run__d_600_600__i__i__d_600_600__i__i__d_600_600__d,0.08841056577419355,0.6174831025806454,2.463992806451612,
600,8,SACf__MAIN_CL_ST___mtspmdf_1298_run__d_600_600__i__i__d_600_600__i__i__d_600_600__d,0.07639929070967742,0.6094463038064517,2.179091258064516,
600,9,SACf__MAIN_CL_ST___mtspmdf_1298_run__d_600_600__i__i__d_600_600__i__i__d_600_600__d,0.06847529767741936,0.6149692797741937,2.29278370967742,
600,10,SACf__MAIN_CL_ST___mtspmdf_1298_run__d_600_600__i__i__d_600_600__i__i__d_600_600__d,0.06125701970967741,0.6107710580645161,2.015692677419355,
600,11,SACf__MAIN_CL_ST___mtspmdf_1298_run__d_600_600__i__i__d_600_600__i__i__d_600_600__d,0.05631588725806452,0.6176529326451613,2.044576032258065,
600,12,SACf__MAIN_CL_ST___mtspmdf_1298_run__d_600_600__i__i__d_600_600__i__i__d_600_600__d,0.051519366516129046,0.6162186476774195,1.8877712258064514,
600,13,SACf__MAIN_CL_ST___mtspmdf_1298_run__d_600_600__i__i__d_600_600__i__i__d_600_600__d,0.04861088387096775,0.6305130257419352,1.9547758387096772,
600,14,SACf__MAIN_CL_ST___mtspmdf_1298_run__d_600_600__i__i__d_600_600__i__i__d_600_600__d,0.04626283206451613,0.6445113727419356,1.8561983870967742,
600,15,SACf__MAIN_CL_ST___mtspmdf_1298_run__d_600_600__i__i__d_600_600__i__i__d_600_600__d,0.041695555354838716,0.623936420548387,1.8689212258064518,
600,16,SACf__MAIN_CL_ST___mtspmdf_1298_run__d_600_600__i__i__d_600_600__i__i__d_600_600__d,0.04035649858064517,0.6419055812580646,1.8213099999999998,
700,1,SACf__MAIN_CL_ST___mtspmdf_1298_run__d_700_700__i__i__d_700_700__i__i__d_700_700__d,0.5296691275483871,0.5296529561935485,8.320948806451613,
700,2,SACf__MAIN_CL_ST___mtspmdf_1298_run__d_700_700__i__i__d_700_700__i__i__d_700_700__d,0.4810747289999999,0.9613084958387097,7.684148967741936,
700,3,SACf__MAIN_CL_ST___mtspmdf_1298_run__d_700_700__i__i__d_700_700__i__i__d_700_700__d,0.31949207283870973,0.9579076245806452,6.227660935483871,
700,4,SACf__MAIN_CL_ST___mtspmdf_1298_run__d_700_700__i__i__d_700_700__i__i__d_700_700__d,0.23897980364516125,0.9550849504193548,4.79771129032258,
700,5,SACf__MAIN_CL_ST___mtspmdf_1298_run__d_700_700__i__i__d_700_700__i__i__d_700_700__d,0.19257277474193552,0.961836395483871,4.549621774193548,
700,6,SACf__MAIN_CL_ST___mtspmdf_1298_run__d_700_700__i__i__d_700_700__i__i__d_700_700__d,0.16057172551612908,0.9623349286129032,3.9305083225806445,
700,7,SACf__MAIN_CL_ST___mtspmdf_1298_run__d_700_700__i__i__d_700_700__i__i__d_700_700__d,0.13694762406451613,0.9574127994516132,3.8494498709677423,
700,8,SACf__MAIN_CL_ST___mtspmdf_1298_run__d_700_700__i__i__d_700_700__i__i__d_700_700__d,0.12049082619354841,0.9617937571612906,3.4452702258064516,
700,9,SACf__MAIN_CL_ST___mtspmdf_1298_run__d_700_700__i__i__d_700_700__i__i__d_700_700__d,0.10754050006451614,0.9661237726451614,3.4682036451612905,
700,10,SACf__MAIN_CL_ST___mtspmdf_1298_run__d_700_700__i__i__d_700_700__i__i__d_700_700__d,0.09693084738709679,0.9675542603548388,3.1991455806451614,
700,11,SACf__MAIN_CL_ST___mtspmdf_1298_run__d_700_700__i__i__d_700_700__i__i__d_700_700__d,0.08799702132258064,0.9660814067741935,3.226430193548387,
700,12,SACf__MAIN_CL_ST___mtspmdf_1298_run__d_700_700__i__i__d_700_700__i__i__d_700_700__d,0.08148165070967743,0.9765550578709676,2.9981474838709676,
700,13,SACf__MAIN_CL_ST___mtspmdf_1298_run__d_700_700__i__i__d_700_700__i__i__d_700_700__d,0.07469345974193548,0.9692931970000002,3.039023225806452,
700,14,SACf__MAIN_CL_ST___mtspmdf_1298_run__d_700_700__i__i__d_700_700__i__i__d_700_700__d,0.07022587061290322,0.9816043981612905,2.8886900967741935,
700,15,SACf__MAIN_CL_ST___mtspmdf_1298_run__d_700_700__i__i__d_700_700__i__i__d_700_700__d,0.06515949370967743,0.9760298493225805,2.9369923870967742,
700,16,SACf__MAIN_CL_ST___mtspmdf_1298_run__d_700_700__i__i__d_700_700__i__i__d_700_700__d,0.06104752677419354,0.973223700032258,2.788065032258064,
800,1,SACf__MAIN_CL_ST___mtspmdf_1298_run__d_800_800__i__i__d_800_800__i__i__d_800_800__d,1.0096158543225806,1.0095768949677422,15.167863000000002,
800,2,SACf__MAIN_CL_ST___mtspmdf_1298_run__d_800_800__i__i__d_800_800__i__i__d_800_800__d,0.8027756893870969,1.6050355156129033,12.825770870967741,
800,3,SACf__MAIN_CL_ST___mtspmdf_1298_run__d_800_800__i__i__d_800_800__i__i__d_800_800__d,0.5346221393225805,1.6034206483870965,10.39249241935484,
800,4,SACf__MAIN_CL_ST___mtspmdf_1298_run__d_800_800__i__i__d_800_800__i__i__d_800_800__d,0.39786886625806456,1.5902301387419358,7.886080322580644,
800,5,SACf__MAIN_CL_ST___mtspmdf_1298_run__d_800_800__i__i__d_800_800__i__i__d_800_800__d,0.3134689207096775,1.566251500516129,7.284196483870967,
800,6,SACf__MAIN_CL_ST___mtspmdf_1298_run__d_800_800__i__i__d_800_800__i__i__d_800_800__d,0.2619751071935484,1.5705163999354843,6.234553935483871,
800,7,SACf__MAIN_CL_ST___mtspmdf_1298_run__d_800_800__i__i__d_800_800__i__i__d_800_800__d,0.22540854925806453,1.5764898448709677,6.137268096774195,
800,8,SACf__MAIN_CL_ST___mtspmdf_1298_run__d_800_800__i__i__d_800_800__i__i__d_800_800__d,0.20497220003225808,1.6380947604838711,5.704065290322581,
800,9,SACf__MAIN_CL_ST___mtspmdf_1298_run__d_800_800__i__i__d_800_800__i__i__d_800_800__d,0.17428627080645162,1.5670512538387096,5.492488483870969,
800,10,SACf__MAIN_CL_ST___mtspmdf_1298_run__d_800_800__i__i__d_800_800__i__i__d_800_800__d,0.1581918582903226,1.5805956284516127,5.073323709677418,
800,11,SACf__MAIN_CL_ST___mtspmdf_1298_run__d_800_800__i__i__d_800_800__i__i__d_800_800__d,0.14450201732258067,1.5885205662903223,5.142635838709678,
800,12,SACf__MAIN_CL_ST___mtspmdf_1298_run__d_800_800__i__i__d_800_800__i__i__d_800_800__d,0.13111837287096775,1.5715158647419356,4.753220774193548,
800,13,SACf__MAIN_CL_ST___mtspmdf_1298_run__d_800_800__i__i__d_800_800__i__i__d_800_800__d,0.12287441119354843,1.5956651081935485,4.833857774193549,
800,14,SACf__MAIN_CL_ST___mtspmdf_1298_run__d_800_800__i__i__d_800_800__i__i__d_800_800__d,0.11578983403225805,1.6189869092903229,4.587573709677421,
800,15,SACf__MAIN_CL_ST___mtspmdf_1298_run__d_800_800__i__i__d_800_800__i__i__d_800_800__d,0.10604354248387096,1.588958100064516,4.62761264516129,
800,16,SACf__MAIN_CL_ST___mtspmdf_1298_run__d_800_800__i__i__d_800_800__i__i__d_800_800__d,0.10108222093548389,1.6145119052258063,4.476052935483871,
900,1,SACf__MAIN_CL_ST___mtspmdf_1298_run__d_900_900__i__i__d_900_900__i__i__d_900_900__d,1.1836589155806452,1.1836127500322582,18.671059322580646,
900,2,SACf__MAIN_CL_ST___mtspmdf_1298_run__d_900_900__i__i__d_900_900__i__i__d_900_900__d,1.1220379534193545,2.2433918458709683,17.912455322580644,
900,3,SACf__MAIN_CL_ST___mtspmdf_1298_run__d_900_900__i__i__d_900_900__i__i__d_900_900__d,0.7848108968064519,2.353536412903226,15.265316193548388,
900,4,SACf__MAIN_CL_ST___mtspmdf_1298_run__d_900_900__i__i__d_900_900__i__i__d_900_900__d,0.5910899783548386,2.3637391663225804,11.82809470967742,
900,5,SACf__MAIN_CL_ST___mtspmdf_1298_run__d_900_900__i__i__d_900_900__i__i__d_900_900__d,0.4701397899032258,2.3496267952258068,11.054899387096775,
900,6,SACf__MAIN_CL_ST___mtspmdf_1298_run__d_900_900__i__i__d_900_900__i__i__d_900_900__d,0.38455065135483874,2.305868089322581,9.469850000000001,
900,7,SACf__MAIN_CL_ST___mtspmdf_1298_run__d_900_900__i__i__d_900_900__i__i__d_900_900__d,0.33032932312903224,2.3113381689032253,9.267910774193547,
900,8,SACf__MAIN_CL_ST___mtspmdf_1298_run__d_900_900__i__i__d_900_900__i__i__d_900_900__d,0.28044337080645165,2.2424562279032254,8.021327967741934,
900,9,SACf__MAIN_CL_ST___mtspmdf_1298_run__d_900_900__i__i__d_900_900__i__i__d_900_900__d,0.24897483074193552,2.2393426755483867,8.046015645161292,
900,10,SACf__MAIN_CL_ST___mtspmdf_1298_run__d_900_900__i__i__d_900_900__i__i__d_900_900__d,0.22285600319354842,2.2272671576451604,7.332992967741935,
900,11,SACf__MAIN_CL_ST___mtspmdf_1298_run__d_900_900__i__i__d_900_900__i__i__d_900_900__d,0.20500133203225807,2.25305364067742,7.480920161290323,
900,12,SACf__MAIN_CL_ST___mtspmdf_1298_run__d_900_900__i__i__d_900_900__i__i__d_900_900__d,0.20086947690322582,2.409016645612904,7.360730419354839,
900,13,SACf__MAIN_CL_ST___mtspmdf_1298_run__d_900_900__i__i__d_900_900__i__i__d_900_900__d,0.1765854987741935,2.2933136163870964,7.17362664516129,
900,14,SACf__MAIN_CL_ST___mtspmdf_1298_run__d_900_900__i__i__d_900_900__i__i__d_900_900__d,0.16412435596774194,2.2950816820645157,6.825666096774192,
900,15,SACf__MAIN_CL_ST___mtspmdf_1298_run__d_900_900__i__i__d_900_900__i__i__d_900_900__d,0.1637302213225807,2.4503723419677415,7.469254612903225,
900,16,SACf__MAIN_CL_ST___mtspmdf_1298_run__d_900_900__i__i__d_900_900__i__i__d_900_900__d,0.14522833254838713,2.3219982458064514,6.6835707419354815,
1000,1,SACf__MAIN_CL_ST___mtspmdf_1298_run__d_1000_1000__i__i__d_1000_1000__i__i__d_1000_1000__d,1.7280286420322584,1.727942854612903,27.220924806451617,
1000,2,SACf__MAIN_CL_ST___mtspmdf_1298_run__d_1000_1000__i__i__d_1000_1000__i__i__d_1000_1000__d,2.7056088120645163,5.410611058838708,43.44477596774193,
1000,3,SACf__MAIN_CL_ST___mtspmdf_1298_run__d_1000_1000__i__i__d_1000_1000__i__i__d_1000_1000__d,1.8298179707096776,5.48889662864516,34.568239387096774,
1000,4,SACf__MAIN_CL_ST___mtspmdf_1298_run__d_1000_1000__i__i__d_1000_1000__i__i__d_1000_1000__d,1.4799066793870967,5.919040730225807,28.404482064516124,
1000,5,SACf__MAIN_CL_ST___mtspmdf_1298_run__d_1000_1000__i__i__d_1000_1000__i__i__d_1000_1000__d,1.1863798980322577,5.930809598580645,26.721770741935487,
1000,6,SACf__MAIN_CL_ST___mtspmdf_1298_run__d_1000_1000__i__i__d_1000_1000__i__i__d_1000_1000__d,1.0163402061612903,6.096980610709677,23.50757316129032,
1000,7,SACf__MAIN_CL_ST___mtspmdf_1298_run__d_1000_1000__i__i__d_1000_1000__i__i__d_1000_1000__d,0.7983659441935486,5.587174519612906,21.486501516129035,
1000,8,SACf__MAIN_CL_ST___mtspmdf_1298_run__d_1000_1000__i__i__d_1000_1000__i__i__d_1000_1000__d,0.7185090830967744,5.74699480316129,19.614400548387092,
1000,9,SACf__MAIN_CL_ST___mtspmdf_1298_run__d_1000_1000__i__i__d_1000_1000__i__i__d_1000_1000__d,0.7250446974193548,6.524141764677418,21.85108129032258,
1000,10,SACf__MAIN_CL_ST___mtspmdf_1298_run__d_1000_1000__i__i__d_1000_1000__i__i__d_1000_1000__d,0.6126979717741936,6.125546738709677,18.983509322580638,
1000,11,SACf__MAIN_CL_ST___mtspmdf_1298_run__d_1000_1000__i__i__d_1000_1000__i__i__d_1000_1000__d,0.5496459491290323,6.045274909548387,19.053668064516128,
1000,12,SACf__MAIN_CL_ST___mtspmdf_1298_run__d_1000_1000__i__i__d_1000_1000__i__i__d_1000_1000__d,0.498912967967742,5.985349662677419,17.642741677419355,
1000,13,SACf__MAIN_CL_ST___mtspmdf_1298_run__d_1000_1000__i__i__d_1000_1000__i__i__d_1000_1000__d,0.4745027706129033,6.1668059665161294,18.22009535483871,
1000,14,SACf__MAIN_CL_ST___mtspmdf_1298_run__d_1000_1000__i__i__d_1000_1000__i__i__d_1000_1000__d,0.4406375142580646,6.166422174774193,17.131906290322576,
1000,15,SACf__MAIN_CL_ST___mtspmdf_1298_run__d_1000_1000__i__i__d_1000_1000__i__i__d_1000_1000__d,0.391919635967742,5.877552456290322,16.786775000000006,
1000,16,SACf__MAIN_CL_ST___mtspmdf_1298_run__d_1000_1000__i__i__d_1000_1000__i__i__d_1000_1000__d,0.41251274548387096,6.585607704903227,17.75722558064516,
1100,1,SACf__MAIN_CL_ST___mtspmdf_1298_run__d_1100_1100__i__i__d_1100_1100__i__i__d_1100_1100__d,2.2693911070322583,2.269286929032258,35.803477548387086,
1100,2,SACf__MAIN_CL_ST___mtspmdf_1298_run__d_1100_1100__i__i__d_1100_1100__i__i__d_1100_1100__d,3.836363591580645,7.672073708064515,59.77445593548388,
1100,3,SACf__MAIN_CL_ST___mtspmdf_1298_run__d_1100_1100__i__i__d_1100_1100__i__i__d_1100_1100__d,2.748805000935485,8.245698626290322,51.11728109677418,
1100,4,SACf__MAIN_CL_ST___mtspmdf_1298_run__d_1100_1100__i__i__d_1100_1100__i__i__d_1100_1100__d,1.9001078669677418,7.599622627322579,36.43223451612902,
1100,5,SACf__MAIN_CL_ST___mtspmdf_1298_run__d_1100_1100__i__i__d_1100_1100__i__i__d_1100_1100__d,1.5716575934838708,7.857460121322581,35.37161158064516,
1100,6,SACf__MAIN_CL_ST___mtspmdf_1298_run__d_1100_1100__i__i__d_1100_1100__i__i__d_1100_1100__d,1.4480999411612905,8.686566737129032,33.702227548387086,
1100,7,SACf__MAIN_CL_ST___mtspmdf_1298_run__d_1100_1100__i__i__d_1100_1100__i__i__d_1100_1100__d,1.0989671469032258,7.691677525870969,29.25188019354838,
1100,8,SACf__MAIN_CL_ST___mtspmdf_1298_run__d_1100_1100__i__i__d_1100_1100__i__i__d_1100_1100__d,1.0054044803870967,8.042092114999999,27.21971990322581,
1100,9,SACf__MAIN_CL_ST___mtspmdf_1298_run__d_1100_1100__i__i__d_1100_1100__i__i__d_1100_1100__d,0.8515628786451616,7.6619379505806435,26.187856258064514,
1100,10,SACf__MAIN_CL_ST___mtspmdf_1298_run__d_1100_1100__i__i__d_1100_1100__i__i__d_1100_1100__d,0.8857022463870968,8.85627476216129,27.33996277419355,
1100,11,SACf__MAIN_CL_ST___mtspmdf_1298_run__d_1100_1100__i__i__d_1100_1100__i__i__d_1100_1100__d,0.7330407292258064,8.060011411774193,26.70346419354838,
1100,12,SACf__MAIN_CL_ST___mtspmdf_1298_run__d_1100_1100__i__i__d_1100_1100__i__i__d_1100_1100__d,0.6531361174516129,7.835670708903227,23.33156987096774,
1100,13,SACf__MAIN_CL_ST___mtspmdf_1298_run__d_1100_1100__i__i__d_1100_1100__i__i__d_1100_1100__d,0.6213975550645161,8.076297210322581,23.90961267741935,
1100,14,SACf__MAIN_CL_ST___mtspmdf_1298_run__d_1100_1100__i__i__d_1100_1100__i__i__d_1100_1100__d,0.5581195502580647,7.8112347469677434,22.442035935483872,
1100,15,SACf__MAIN_CL_ST___mtspmdf_1298_run__d_1100_1100__i__i__d_1100_1100__i__i__d_1100_1100__d,0.5349871678709677,8.022965868741936,22.938610774193545,
1100,16,SACf__MAIN_CL_ST___mtspmdf_1298_run__d_1100_1100__i__i__d_1100_1100__i__i__d_1100_1100__d,0.5345750194516129,8.540770684838712,23.224382548387098,
1200,1,SACf__MAIN_CL_ST___mtspmdf_1298_run__d_1200_1200__i__i__d_1200_1200__i__i__d_1200_1200__d,3.245868490870967,3.2457149192903234,49.94702751612903,
1200,2,SACf__MAIN_CL_ST___mtspmdf_1298_run__d_1200_1200__i__i__d_1200_1200__i__i__d_1200_1200__d,6.198258145516127,12.39572104832258,94.78369090322579,
1200,3,SACf__MAIN_CL_ST___mtspmdf_1298_run__d_1200_1200__i__i__d_1200_1200__i__i__d_1200_1200__d,4.112102136645161,12.335610397419355,76.20182538709678,
1200,4,SACf__MAIN_CL_ST___mtspmdf_1298_run__d_1200_1200__i__i__d_1200_1200__i__i__d_1200_1200__d,3.1426134949032263,12.569490560354838,59.93715558064516,
1200,5,SACf__MAIN_CL_ST___mtspmdf_1298_run__d_1200_1200__i__i__d_1200_1200__i__i__d_1200_1200__d,2.462603867870968,12.312170268548389,55.26163829032257,
1200,6,SACf__MAIN_CL_ST___mtspmdf_1298_run__d_1200_1200__i__i__d_1200_1200__i__i__d_1200_1200__d,2.115870356161291,12.694068832870965,48.40445845161291,
1200,7,SACf__MAIN_CL_ST___mtspmdf_1298_run__d_1200_1200__i__i__d_1200_1200__i__i__d_1200_1200__d,1.7520188646129033,12.263117602935486,45.97306229032258,
1200,8,SACf__MAIN_CL_ST___mtspmdf_1298_run__d_1200_1200__i__i__d_1200_1200__i__i__d_1200_1200__d,1.6375408027419363,13.099107837322585,43.72681480645162,
1200,9,SACf__MAIN_CL_ST___mtspmdf_1298_run__d_1200_1200__i__i__d_1200_1200__i__i__d_1200_1200__d,1.5047844473548384,13.541714911580648,45.07458574193548,
1200,10,SACf__MAIN_CL_ST___mtspmdf_1298_run__d_1200_1200__i__i__d_1200_1200__i__i__d_1200_1200__d,1.2923752402258066,12.922318897903226,39.481533258064516,
1200,11,SACf__MAIN_CL_ST___mtspmdf_1298_run__d_1200_1200__i__i__d_1200_1200__i__i__d_1200_1200__d,1.1881977656129032,13.067987148774195,40.49512770967741,
1200,12,SACf__MAIN_CL_ST___mtspmdf_1298_run__d_1200_1200__i__i__d_1200_1200__i__i__d_1200_1200__d,1.0721393907419354,12.863619277419357,37.267514225806444,
1200,13,SACf__MAIN_CL_ST___mtspmdf_1298_run__d_1200_1200__i__i__d_1200_1200__i__i__d_1200_1200__d,1.006800084967742,13.087832548935486,38.016401838709676,
1200,14,SACf__MAIN_CL_ST___mtspmdf_1298_run__d_1200_1200__i__i__d_1200_1200__i__i__d_1200_1200__d,0.8734469994516129,12.226430691967746,34.22188938709678,
1200,15,SACf__MAIN_CL_ST___mtspmdf_1298_run__d_1200_1200__i__i__d_1200_1200__i__i__d_1200_1200__d,0.849845339,12.745195336387097,35.83787567741935,
1200,16,SACf__MAIN_CL_ST___mtspmdf_1298_run__d_1200_1200__i__i__d_1200_1200__i__i__d_1200_1200__d,0.8957189185161291,14.315638466258061,37.98113154838709,
1300,1,SACf__MAIN_CL_ST___mtspmdf_1298_run__d_1300_1300__i__i__d_1300_1300__i__i__d_1300_1300__d,4.106771398354839,4.106545391387097,64.7143374516129,
1300,2,SACf__MAIN_CL_ST___mtspmdf_1298_run__d_1300_1300__i__i__d_1300_1300__i__i__d_1300_1300__d,9.966439373612902,19.93166072270968,151.82952996774196,
1300,3,SACf__MAIN_CL_ST___mtspmdf_1298_run__d_1300_1300__i__i__d_1300_1300__i__i__d_1300_1300__d,6.739460136258065,20.21747014987097,124.29253635483867,
1300,4,SACf__MAIN_CL_ST___mtspmdf_1298_run__d_1300_1300__i__i__d_1300_1300__i__i__d_1300_1300__d,4.972489996645162,19.888937901999995,92.7656021612903,
1300,5,SACf__MAIN_CL_ST___mtspmdf_1298_run__d_1300_1300__i__i__d_1300_1300__i__i__d_1300_1300__d,3.873918393870968,19.367457751838703,85.16724867741932,
1300,6,SACf__MAIN_CL_ST___mtspmdf_1298_run__d_1300_1300__i__i__d_1300_1300__i__i__d_1300_1300__d,3.2444818325161293,19.465429721451613,73.1003751612903,
1300,7,SACf__MAIN_CL_ST___mtspmdf_1298_run__d_1300_1300__i__i__d_1300_1300__i__i__d_1300_1300__d,2.876828417129032,20.137281777548388,74.3174327419355,
1300,8,SACf__MAIN_CL_ST___mtspmdf_1298_run__d_1300_1300__i__i__d_1300_1300__i__i__d_1300_1300__d,2.462409515483871,19.69804630848387,64.81294048387096,
1300,9,SACf__MAIN_CL_ST___mtspmdf_1298_run__d_1300_1300__i__i__d_1300_1300__i__i__d_1300_1300__d,2.3066694902580647,20.758752820677422,67.82927051612901,
1300,10,SACf__MAIN_CL_ST___mtspmdf_1298_run__d_1300_1300__i__i__d_1300_1300__i__i__d_1300_1300__d,2.0355874144193544,20.353947340096774,61.088279612903236,
1300,11,SACf__MAIN_CL_ST___mtspmdf_1298_run__d_1300_1300__i__i__d_1300_1300__i__i__d_1300_1300__d,1.810242363193549,19.91050663548387,60.816770354838724,
1300,12,SACf__MAIN_CL_ST___mtspmdf_1298_run__d_1300_1300__i__i__d_1300_1300__i__i__d_1300_1300__d,1.7122117675161292,20.544309469451612,58.744864419354826,
1300,13,SACf__MAIN_CL_ST___mtspmdf_1298_run__d_1300_1300__i__i__d_1300_1300__i__i__d_1300_1300__d,1.573659397516129,20.45657251774194,58.96150916129033,
1300,14,SACf__MAIN_CL_ST___mtspmdf_1298_run__d_1300_1300__i__i__d_1300_1300__i__i__d_1300_1300__d,1.4401276790322586,20.16018158796774,54.71330774193548,
1300,15,SACf__MAIN_CL_ST___mtspmdf_1298_run__d_1300_1300__i__i__d_1300_1300__i__i__d_1300_1300__d,1.4009485229354843,21.00782862667742,58.18948135483872,
1300,16,SACf__MAIN_CL_ST___mtspmdf_1298_run__d_1300_1300__i__i__d_1300_1300__i__i__d_1300_1300__d,1.4000469892258063,21.795072402838713,58.77506690322581,
1400,1,SACf__MAIN_CL_ST___mtspmdf_1298_run__d_1400_1400__i__i__d_1400_1400__i__i__d_1400_1400__d,4.943103011129033,4.942770065548387,77.781106,
1400,2,SACf__MAIN_CL_ST___mtspmdf_1298_run__d_1400_1400__i__i__d_1400_1400__i__i__d_1400_1400__d,14.12110878287097,28.240101790903218,215.3740588064516,
1400,3,SACf__MAIN_CL_ST___mtspmdf_1298_run__d_1400_1400__i__i__d_1400_1400__i__i__d_1400_1400__d,9.612255830612904,28.83531119535484,174.89593229032258,
1400,4,SACf__MAIN_CL_ST___mtspmdf_1298_run__d_1400_1400__i__i__d_1400_1400__i__i__d_1400_1400__d,7.4611105007419365,29.843066029290323,138.2583681612903,
1400,5,SACf__MAIN_CL_ST___mtspmdf_1298_run__d_1400_1400__i__i__d_1400_1400__i__i__d_1400_1400__d,5.749921593870968,28.747897656774192,127.0546418387097,
1400,6,SACf__MAIN_CL_ST___mtspmdf_1298_run__d_1400_1400__i__i__d_1400_1400__i__i__d_1400_1400__d,4.854753023516129,29.127700284935482,108.41889222580645,
1400,7,SACf__MAIN_CL_ST___mtspmdf_1298_run__d_1400_1400__i__i__d_1400_1400__i__i__d_1400_1400__d,4.1067821135483875,28.74638603780646,104.94471109677418,
1400,8,SACf__MAIN_CL_ST___mtspmdf_1298_run__d_1400_1400__i__i__d_1400_1400__i__i__d_1400_1400__d,3.574390675709678,28.594206964483874,92.45801719354841,
1400,9,SACf__MAIN_CL_ST___mtspmdf_1298_run__d_1400_1400__i__i__d_1400_1400__i__i__d_1400_1400__d,3.1473822717741937,28.325038891451605,92.58175090322581,
1400,10,SACf__MAIN_CL_ST___mtspmdf_1298_run__d_1400_1400__i__i__d_1400_1400__i__i__d_1400_1400__d,2.951536504419355,29.514406086903236,87.80165116129034,
1400,11,SACf__MAIN_CL_ST___mtspmdf_1298_run__d_1400_1400__i__i__d_1400_1400__i__i__d_1400_1400__d,2.622721696677419,28.848385619548385,87.44609277419352,
1400,12,SACf__MAIN_CL_ST___mtspmdf_1298_run__d_1400_1400__i__i__d_1400_1400__i__i__d_1400_1400__d,2.3946829268709684,28.733241619967732,81.16390000000001,
1400,13,SACf__MAIN_CL_ST___mtspmdf_1298_run__d_1400_1400__i__i__d_1400_1400__i__i__d_1400_1400__d,2.2501068849677415,29.249296824677423,83.6075898064516,
1400,14,SACf__MAIN_CL_ST___mtspmdf_1298_run__d_1400_1400__i__i__d_1400_1400__i__i__d_1400_1400__d,2.0895631526451615,29.242891522709677,81.45653722580646,
1400,15,SACf__MAIN_CL_ST___mtspmdf_1298_run__d_1400_1400__i__i__d_1400_1400__i__i__d_1400_1400__d,1.972205746,29.579144615516128,81.021466,
1400,16,SACf__MAIN_CL_ST___mtspmdf_1298_run__d_1400_1400__i__i__d_1400_1400__i__i__d_1400_1400__d,1.9053082560000003,30.46432349232259,78.90700093548388,
1500,1,SACf__MAIN_CL_ST___mtspmdf_1298_run__d_1500_1500__i__i__d_1500_1500__i__i__d_1500_1500__d,6.277458196709676,6.277011404645161,98.85129961290323,
1500,2,SACf__MAIN_CL_ST___mtspmdf_1298_run__d_1500_1500__i__i__d_1500_1500__i__i__d_1500_1500__d,18.625142763064513,37.24794386741936,284.02058993548394,
1500,3,SACf__MAIN_CL_ST___mtspmdf_1298_run__d_1500_1500__i__i__d_1500_1500__i__i__d_1500_1500__d,12.645189424225805,37.93368733632256,230.150839032258,
1500,4,SACf__MAIN_CL_ST___mtspmdf_1298_run__d_1500_1500__i__i__d_1500_1500__i__i__d_1500_1500__d,9.446430173580644,37.78366036651613,175.51341354838712,
1500,5,SACf__MAIN_CL_ST___mtspmdf_1298_run__d_1500_1500__i__i__d_1500_1500__i__i__d_1500_1500__d,7.58643091235484,37.93080289354839,166.21732232258063,
1500,6,SACf__MAIN_CL_ST___mtspmdf_1298_run__d_1500_1500__i__i__d_1500_1500__i__i__d_1500_1500__d,6.467182227967741,38.80127651609678,144.19359467741936,
1500,7,SACf__MAIN_CL_ST___mtspmdf_1298_run__d_1500_1500__i__i__d_1500_1500__i__i__d_1500_1500__d,5.507242411064516,38.54977309948387,139.98796422580645,
1500,8,SACf__MAIN_CL_ST___mtspmdf_1298_run__d_1500_1500__i__i__d_1500_1500__i__i__d_1500_1500__d,4.792381843387096,38.33750592883871,124.17073806451616,
1500,9,SACf__MAIN_CL_ST___mtspmdf_1298_run__d_1500_1500__i__i__d_1500_1500__i__i__d_1500_1500__d,4.2703797249032265,38.43264718303225,125.07032506451613,
1500,10,SACf__MAIN_CL_ST___mtspmdf_1298_run__d_1500_1500__i__i__d_1500_1500__i__i__d_1500_1500__d,3.8231908077741936,38.22946965893548,114.59280493548387,
1500,11,SACf__MAIN_CL_ST___mtspmdf_1298_run__d_1500_1500__i__i__d_1500_1500__i__i__d_1500_1500__d,3.469654931129032,38.16316157054839,116.6785185483871,
1500,12,SACf__MAIN_CL_ST___mtspmdf_1298_run__d_1500_1500__i__i__d_1500_1500__i__i__d_1500_1500__d,3.2744879635483874,39.29129357506452,110.82484070967743,
1500,13,SACf__MAIN_CL_ST___mtspmdf_1298_run__d_1500_1500__i__i__d_1500_1500__i__i__d_1500_1500__d,2.910762118870968,37.837303215096775,108.65364464516131,
1500,14,SACf__MAIN_CL_ST___mtspmdf_1298_run__d_1500_1500__i__i__d_1500_1500__i__i__d_1500_1500__d,2.7591190934838705,38.62467460558064,103.68599416129032,
1500,15,SACf__MAIN_CL_ST___mtspmdf_1298_run__d_1500_1500__i__i__d_1500_1500__i__i__d_1500_1500__d,2.5611710052258063,38.41373653564516,105.15756180645162,
1500,16,SACf__MAIN_CL_ST___mtspmdf_1298_run__d_1500_1500__i__i__d_1500_1500__i__i__d_1500_1500__d,2.499911874032258,39.958258395064526,103.51528912903227,
1600,1,SACf__MAIN_CL_ST___mtspmdf_1298_run__d_1600_1600__i__i__d_1600_1600__i__i__d_1600_1600__d,13.108380027935482,13.107307793032254,200.28505499999997,
1600,2,SACf__MAIN_CL_ST___mtspmdf_1298_run__d_1600_1600__i__i__d_1600_1600__i__i__d_1600_1600__d,25.794967905967738,51.58647539051613,392.0219239677419,
1600,3,SACf__MAIN_CL_ST___mtspmdf_1298_run__d_1600_1600__i__i__d_1600_1600__i__i__d_1600_1600__d,17.033586154548388,51.09851453503227,311.43719096774186,
1600,4,SACf__MAIN_CL_ST___mtspmdf_1298_run__d_1600_1600__i__i__d_1600_1600__i__i__d_1600_1600__d,12.927989807161286,51.709663373612905,239.53397796774186,
1600,5,SACf__MAIN_CL_ST___mtspmdf_1298_run__d_1600_1600__i__i__d_1600_1600__i__i__d_1600_1600__d,10.355807850612903,51.777257021806435,226.7308510967742,
1600,6,SACf__MAIN_CL_ST___mtspmdf_1298_run__d_1600_1600__i__i__d_1600_1600__i__i__d_1600_1600__d,8.643585931774195,51.859760164709684,193.8999907419355,
1600,7,SACf__MAIN_CL_ST___mtspmdf_1298_run__d_1600_1600__i__i__d_1600_1600__i__i__d_1600_1600__d,7.396902060967742,51.77672364996776,190.38551074193552,
1600,8,SACf__MAIN_CL_ST___mtspmdf_1298_run__d_1600_1600__i__i__d_1600_1600__i__i__d_1600_1600__d,6.474139330419355,51.791899989225804,169.60381387096774,
1600,9,SACf__MAIN_CL_ST___mtspmdf_1298_run__d_1600_1600__i__i__d_1600_1600__i__i__d_1600_1600__d,5.764608099161289,51.880123630096776,169.39384951612905,
1600,10,SACf__MAIN_CL_ST___mtspmdf_1298_run__d_1600_1600__i__i__d_1600_1600__i__i__d_1600_1600__d,5.190071286709678,51.89993440519355,155.73946748387092,
1600,11,SACf__MAIN_CL_ST___mtspmdf_1298_run__d_1600_1600__i__i__d_1600_1600__i__i__d_1600_1600__d,4.735378854516131,52.08744290041936,159.27254345161293,
1600,12,SACf__MAIN_CL_ST___mtspmdf_1298_run__d_1600_1600__i__i__d_1600_1600__i__i__d_1600_1600__d,4.354132695290322,52.248502484903234,149.08017887096776,
1600,13,SACf__MAIN_CL_ST___mtspmdf_1298_run__d_1600_1600__i__i__d_1600_1600__i__i__d_1600_1600__d,3.9663718888709685,51.56066761499999,149.20276274193543,
1600,14,SACf__MAIN_CL_ST___mtspmdf_1298_run__d_1600_1600__i__i__d_1600_1600__i__i__d_1600_1600__d,3.7004772642580646,51.80434599854839,140.14155190322583,
1600,15,SACf__MAIN_CL_ST___mtspmdf_1298_run__d_1600_1600__i__i__d_1600_1600__i__i__d_1600_1600__d,3.486828571096775,52.29802703348387,144.10369603225806,
1600,16,SACf__MAIN_CL_ST___mtspmdf_1298_run__d_1600_1600__i__i__d_1600_1600__i__i__d_1600_1600__d,3.3045379487096773,52.68309702493548,138.48966129032257,
