size,pin,threads,runtime,energy
500,false,16,0.04844372,2.131098
500,false,16,0.047973484,2.103083
500,false,16,0.047905345,2.116877
500,false,16,0.04775255,2.108027
500,false,16,0.04793075,2.114741
500,false,16,0.048215173,2.098627
500,false,16,0.04788253,2.114863
500,false,16,0.04772037,2.124689
500,false,16,0.04783876,2.080317
500,false,8,0.047986176,2.138728
500,false,8,0.07337392,2.521783
500,false,8,0.061169486,2.359064
500,false,8,0.055898964,2.236566
500,false,8,0.05935139,2.306879
500,false,8,0.05581924,2.260554
500,false,8,0.062399916,2.358331
500,false,8,0.061696585,2.328302
500,false,8,0.06214785,2.332758
500,false,8,0.062135886,2.334405
500,false,12,0.07057741,2.470941
500,false,12,0.051518247,2.156306
500,false,12,0.05156772,2.223016
500,false,12,0.05161659,2.186945
500,false,12,0.05126449,2.189509
500,false,12,0.05117036,2.19079
500,false,12,0.051491335,2.166194
500,false,12,0.05201872,2.196466
500,false,12,0.051657137,2.204828
500,false,12,0.05132729,2.176203
500,false,14,0.05100177,2.152461
500,false,14,0.04919845,2.175714
500,false,14,0.049310368,2.146601
500,false,14,0.049110506,2.170161
500,false,14,0.049326744,2.135004
500,false,14,0.04909809,2.150507
500,false,14,0.049419265,2.162775
500,false,14,0.04947352,2.183039
500,false,14,0.04959173,2.167963
500,false,14,0.049308386,2.141536
500,false,15,0.04948731,2.159967
500,false,15,0.04845267,2.119379
500,false,15,0.04831581,2.16009
500,false,15,0.04868282,2.107539
500,false,15,0.04826677,2.128534
500,false,15,0.048155177,2.156184
500,false,15,0.04832628,2.15362
500,false,15,0.04852499,2.129694
500,false,15,0.048546515,2.131159
500,false,15,0.048942357,2.159113
500,false,15.540541,0.048425872,2.1253
500,false,15.540541,0.047844276,2.124872
500,false,15.540541,0.047530986,2.103999
500,false,15.540541,0.047662232,2.15246
500,false,15.540541,0.047587547,2.104121
500,false,15.540541,0.047631845,2.092768
500,false,15.540541,0.04761824,2.133417
500,false,15.540541,0.04770463,2.10406
500,false,15.540541,0.04766233,2.098994
500,false,15.540541,0.04764533,2.121149
500,false,15.929268,0.047730412,2.122797
500,false,15.929268,0.04759096,2.082514
500,false,15.929268,0.04762944,2.113154
500,false,15.929268,0.047532957,2.117793
500,false,15.929268,0.047637425,2.104181
500,false,15.929268,0.04764833,2.105586
500,false,15.929268,0.04806363,2.143305
500,false,15.929268,0.04764634,2.110956
500,false,15.929268,0.04761298,2.07873
500,false,15.929268,0.047731645,2.135005
500,false,15.615457,0.048011918,2.127008
500,false,15.615457,0.047889464,2.147761
500,false,15.615457,0.048123866,2.102961
500,false,15.615457,0.047708295,2.103083
500,false,15.615457,0.047587253,2.128107
500,false,15.615457,0.04755621,2.093012
500,false,15.615457,0.04759872,2.120356
500,false,15.615457,0.047582503,2.119257
500,false,15.615457,0.047657304,2.112666
500,false,15.615457,0.047570467,2.078181
500,false,15.345816,0.047721375,2.159906
500,false,15.345816,0.0484162,2.11407
500,false,15.345816,0.048353396,2.158563
500,false,15.345816,0.048328687,2.124812
500,false,15.345816,0.04802922,2.121027
500,false,15.345816,0.04849623,2.166926
500,false,15.345816,0.048256896,2.117304
500,false,15.345816,0.04851341,2.122248
500,false,15.345816,0.049037773,2.195734
500,false,15.345816,0.048359696,2.106318
500,false,15.586644,0.048307944,2.123285
500,false,15.586644,0.047098234,2.096186
500,false,15.586644,0.047601257,2.129573
500,false,15.586644,0.04755357,2.102594
500,false,15.586644,0.04805351,2.132563
500,false,15.586644,0.04774972,2.077082
500,false,15.586644,0.047543626,2.137324
500,false,15.586644,0.048116013,2.17193
500,false,15.586644,0.048092026,2.084163
500,false,15.586644,0.047706,2.122919
500,false,15.80742,0.04755873,2.109797
500,false,15.80742,0.048865188,2.173883
500,false,15.80742,0.047697686,2.142634
500,false,15.80742,0.047828056,2.124018
500,false,15.80742,0.048463237,2.114008
500,false,15.80742,0.047632705,2.120783
500,false,15.80742,0.04768353,2.133845
500,false,15.80742,0.04762102,2.120783
500,false,15.80742,0.04754284,2.099726
500,false,15.80742,0.04764705,2.105525
500,false,15.601237,0.048468135,2.136164
500,false,15.601237,0.048408568,2.153864
500,false,15.601237,0.04763944,2.096552
500,false,15.601237,0.0478278,2.135371
500,false,15.601237,0.047689456,2.143976
500,false,15.601237,0.047693033,2.124262
500,false,15.601237,0.047765087,2.069148
500,false,15.601237,0.048095897,2.192377
500,false,15.601237,0.047673617,2.072016
500,false,15.601237,0.04749051,2.1253
500,false,15.7964525,0.047725324,2.143305
500,false,15.7964525,0.047907177,2.147638
500,false,15.7964525,0.047486905,2.087275
500,false,15.7964525,0.047723003,2.110041
500,false,15.7964525,0.047683302,2.098323
500,false,15.7964525,0.047794472,2.151666
500,false,15.7964525,0.04750353,2.091304
500,false,15.7964525,0.04761908,2.127985
500,false,15.7964525,0.04756665,2.081843
500,false,15.7964525,0.04771537,2.12829
500,false,15.983223,0.04783267,2.13592
500,false,15.983223,0.0476848,2.156794
500,false,15.983223,0.047984608,2.124506
500,false,15.983223,0.047523063,2.088984
500,false,15.983223,0.047617514,2.129938
500,false,15.983223,0.04790487,2.125544
500,false,15.983223,0.04758884,2.135737
500,false,15.983223,0.047595695,2.113398
500,false,15.983223,0.047546595,2.114558
500,false,15.983223,0.04756289,2.137567
500,false,15.803077,0.04834656,2.156855
500,false,15.803077,0.047756247,2.103571
500,false,15.803077,0.047847092,2.119746
500,false,15.803077,0.047750704,2.100764
500,false,15.803077,0.04761177,2.121393
500,false,15.803077,0.047770966,2.090571
500,false,15.803077,0.04814247,2.207209
500,false,15.803077,0.047669504,2.114008
500,false,15.803077,0.047812052,2.084223
500,false,15.803077,0.048336532,2.16778
500,false,15.628202,0.048395105,2.124812
500,false,15.628202,0.047569185,2.130609
500,false,15.628202,0.047701057,2.135127
500,false,15.628202,0.047514193,2.084101
500,false,15.628202,0.047657304,2.146845
500,false,15.628202,0.047698613,2.121638
500,false,15.628202,0.047574833,2.112116
500,false,15.628202,0.04784594,2.099238
500,false,15.628202,0.047489744,2.132379
500,false,15.628202,0.047526266,2.072017
500,false,15.798833,0.047500346,2.141413
500,false,15.798833,0.047769457,2.124933
500,false,15.798833,0.04785149,2.100581
500,false,15.798833,0.047503233,2.127069
500,false,15.798833,0.047719494,2.132685
500,false,15.798833,0.047944244,2.145747
500,false,15.798833,0.048080064,2.105707
500,false,15.798833,0.047719304,2.139033
500,false,15.798833,0.049132533,2.199457
500,false,15.798833,0.05072147,2.296869
500,false,15.631652,0.050329868,2.32641
500,false,15.631652,0.050778106,2.349787
500,false,15.631652,0.050424524,2.274042
500,false,15.631652,0.05031808,2.299249
500,false,15.631652,0.05065934,2.302363
500,false,15.631652,0.050804127,2.369195
500,false,15.631652,0.04932904,2.194025
500,false,15.631652,0.05024257,2.308954
500,false,15.631652,0.04901011,2.229243
500,false,15.631652,0.04859336,2.206781
500,false,15.796009,0.049099416,2.23028
500,false,15.796009,0.04906822,2.204584
500,false,15.796009,0.050714012,2.37237
500,false,15.796009,0.050060585,2.262445
500,false,15.796009,0.049750768,2.22259
500,false,15.796009,0.048409242,2.227228
500,false,15.796009,0.049692027,2.240045
500,false,15.796009,0.049253117,2.221308
500,false,15.796009,0.04925304,2.237604
500,false,15.796009,0.04951572,2.277216
500,false,15.95804,0.04810532,2.165583
500,false,15.95804,0.048299335,2.151545
500,false,15.95804,0.0512835,2.335016
500,false,15.95804,0.048388,2.143061
500,false,15.95804,0.04798621,2.144709
500,false,15.95804,0.047653113,2.131891
500,false,15.95804,0.04810616,2.120539
500,false,15.95804,0.0478303,2.127497
500,false,15.95804,0.04771172,2.126582
500,false,15.95804,0.047709443,2.144586
500,false,16,0.04755965,2.08227
750,false,16,0.15745464,7.097699
750,false,16,0.15594776,7.018171
750,false,16,0.15647618,7.057904
750,false,16,0.15726942,7.07945
750,false,16,0.1620264,7.372051
750,false,16,0.16327009,7.52647
750,false,16,0.16386162,7.55064
750,false,16,0.16389686,7.601177
750,false,16,0.16759922,7.738383
750,false,8,0.16597006,7.696453
750,false,8,0.21044774,8.965736
750,false,8,0.21186998,9.008644
750,false,8,0.22389595,9.261268
750,false,8,0.21092461,9.04972
750,false,8,0.21288623,8.911415
750,false,8,0.19046909,8.156901
750,false,8,0.20993438,8.852761
750,false,8,0.2054057,8.157999
750,false,8,0.22018823,8.256204
750,false,12,0.20116112,8.022868
750,false,12,0.17039318,7.409527
750,false,12,0.17081381,7.447857
750,false,12,0.17413983,7.481853
750,false,12,0.18589683,7.651409
750,false,12,0.17049442,7.431316
750,false,12,0.17065336,7.439129
750,false,12,0.17012307,7.39964
750,false,12,0.17915067,7.529888
750,false,12,0.17073373,7.416912
750,false,14,0.17061457,7.447429
750,false,14,0.16269937,7.231671
750,false,14,0.1639493,7.286664
750,false,14,0.16253917,7.188641
750,false,14,0.17250112,7.531109
750,false,14,0.18577296,7.550884
750,false,14,0.16271172,7.221478
750,false,14,0.16184652,7.183453
750,false,14,0.16470997,7.28819
750,false,14,0.16487594,7.348003
750,false,15,0.16527697,7.405682
750,false,15,0.16007869,7.197674
750,false,15,0.158538,7.044538
750,false,15,0.1583113,7.034101
750,false,15,0.16204472,7.310284
750,false,15,0.15973194,7.079571
750,false,15,0.1594564,7.125715
750,false,15,0.15902787,7.071454
750,false,15,0.16070057,7.170758
750,false,15,0.160763,7.199322
750,false,15.540541,0.16021585,7.18858
750,false,15.540541,0.1564127,7.020124
750,false,15.540541,0.1565024,7.028486
750,false,15.540541,0.15465373,6.97685
750,false,15.540541,0.1564061,7.041547
750,false,15.540541,0.15640353,7.045148
750,false,15.540541,0.15771535,7.101056
750,false,15.540541,0.16112098,7.245525
750,false,15.540541,0.15825336,7.172467
750,false,15.540541,0.16165815,7.236005
750,false,15.929268,0.1570124,7.091168
750,false,15.929268,0.15478338,6.968549
750,false,15.929268,0.1554991,7.065351
750,false,15.929268,0.15765482,7.136273
750,false,15.929268,0.15707065,7.065229
750,false,15.929268,0.1577973,7.150067
750,false,15.929268,0.15850332,7.140851
750,false,15.929268,0.15875138,7.197003
750,false,15.929268,0.15959144,7.251263
750,false,15.929268,0.15967238,7.163495
750,false,15.615457,0.15550931,6.981976
750,false,15.615457,0.15651563,7.072797
750,false,15.615457,0.15403399,6.944257
750,false,15.615457,0.15598802,7.048505
750,false,15.615457,0.15659171,7.070417
750,false,15.615457,0.15713093,7.071393
750,false,15.615457,0.15656279,7.059674
750,false,15.615457,0.15737154,7.157941
750,false,15.615457,0.15805718,7.193219
750,false,15.615457,0.15793398,7.17619
750,false,15.345816,0.1601388,7.28532
750,false,15.345816,0.1627984,7.321393
750,false,15.345816,0.16247557,7.275738
750,false,15.345816,0.15906075,7.090741
750,false,15.345816,0.15907548,7.032026
750,false,15.345816,0.16239715,7.345684
750,false,15.345816,0.16010231,7.119122
750,false,15.345816,0.15954372,7.11308
750,false,15.345816,0.16022737,7.145734
750,false,15.345816,0.1608266,7.277142
750,false,15.586644,0.16325893,7.333111
750,false,15.586644,0.15522052,7.005109
750,false,15.586644,0.15653247,7.056012
750,false,15.586644,0.15661533,7.040693
750,false,15.586644,0.15944512,7.270916
750,false,15.586644,0.15896432,7.179425
750,false,15.586644,0.15721722,7.067548
750,false,15.586644,0.15646054,7.068219
750,false,15.586644,0.15832728,7.133466
750,false,15.586644,0.15970252,7.305096
750,false,15.80742,0.1564663,7.068646
750,false,15.80742,0.16369931,7.605144
750,false,15.80742,0.16132933,7.427655
750,false,15.80742,0.16068794,7.340679
750,false,15.80742,0.1584756,7.268597
750,false,15.80742,0.15714009,7.179425
750,false,15.80742,0.16011427,7.312604
750,false,15.80742,0.15715809,7.119977
750,false,15.80742,0.15628096,7.046734
750,false,15.80742,0.1545097,6.994184
750,false,15.601237,0.15947884,7.295941
750,false,15.601237,0.15821598,7.17503
750,false,15.601237,0.15725851,7.079633
750,false,15.601237,0.15746301,7.143598
750,false,15.601237,0.15681407,7.062604
750,false,15.601237,0.1568412,7.101727
750,false,15.601237,0.15532915,7.020795
750,false,15.601237,0.15637974,7.030317
750,false,15.601237,0.15718487,7.135723
750,false,15.601237,0.1603034,7.246076
750,false,15.406022,0.15819539,7.142376
750,false,15.406022,0.16450284,7.358075
750,false,15.406022,0.15980995,7.129498
750,false,15.406022,0.16292994,7.14018
750,false,15.406022,0.15953621,7.164349
750,false,15.406022,0.15796122,7.0258
750,false,15.406022,0.16367085,7.343975
750,false,15.406022,0.17127071,7.51115
750,false,15.406022,0.16001779,7.177777
750,false,15.406022,0.16837338,7.352155
750,false,15.5927925,0.15956332,7.09306
750,false,15.5927925,0.15702413,7.090924
750,false,15.5927925,0.159374,7.218732
750,false,15.5927925,0.15694445,7.076215
750,false,15.5927925,0.15954429,7.203777
750,false,15.5927925,0.15839475,7.21391
750,false,15.5927925,0.15717585,7.097577
750,false,15.5927925,0.15764202,7.136395
750,false,15.5927925,0.1592951,7.288739
750,false,15.5927925,0.16008139,7.363934
750,false,15.412646,0.15772648,7.116009
750,false,15.412646,0.1600254,7.104169
750,false,15.412646,0.15901251,7.055524
750,false,15.412646,0.15925859,7.117841
750,false,15.412646,0.161009,7.214703
750,false,15.412646,0.1578857,7.051252
750,false,15.412646,0.16238679,7.309002
750,false,15.412646,0.16094956,7.234417
750,false,15.412646,0.16501917,7.421917
750,false,15.412646,0.17280053,7.458905
750,false,15.587521,0.15770292,7.02934
750,false,15.587521,0.15869886,7.104718
750,false,15.587521,0.15568076,7.026105
750,false,15.587521,0.15667115,7.017377
750,false,15.587521,0.15646367,7.071577
750,false,15.587521,0.15567632,7.033429
750,false,15.587521,0.15713963,7.095624
750,false,15.587521,0.15876469,7.193097
750,false,15.587521,0.15609609,7.044293
750,false,15.587521,0.15827526,7.182782
750,false,15.758151,0.15711331,7.081464
750,false,15.758151,0.15619789,7.034772
750,false,15.758151,0.15623358,7.071332
750,false,15.758151,0.15836486,7.157818
750,false,15.758151,0.15441133,6.974348
750,false,15.758151,0.16154109,7.360577
750,false,15.758151,0.15410422,6.921918
750,false,15.758151,0.15946122,7.291546
750,false,15.758151,0.15597647,7.035932
750,false,15.758151,0.16115658,7.252301
750,false,15.59097,0.16020258,7.327496
750,false,15.59097,0.16067606,7.332073
750,false,15.59097,0.15668538,7.031781
750,false,15.59097,0.15665545,7.057966
750,false,15.59097,0.15629248,7.037579
750,false,15.59097,0.16369556,7.358441
750,false,15.59097,0.15751065,7.162701
750,false,15.59097,0.15829375,7.17558
750,false,15.59097,0.15706988,7.113935
750,false,15.59097,0.16035295,7.330791
750,false,15.755327,0.16126817,7.29527
750,false,15.755327,0.15442105,7.007428
750,false,15.755327,0.1602175,7.306805
750,false,15.755327,0.1569033,7.122907
750,false,15.755327,0.15516321,6.99455
750,false,15.755327,0.15804973,7.169232
750,false,15.755327,0.15482347,6.972028
750,false,15.755327,0.15617345,7.052472
750,false,15.755327,0.15642,7.027631
750,false,15.755327,0.15628397,7.023603
750,false,15.917358,0.15604453,7.060223
750,false,15.917358,0.15863743,7.190167
750,false,15.917358,0.1606544,7.353497
750,false,15.917358,0.15495336,6.975263
750,false,15.917358,0.15733527,7.083966
750,false,15.917358,0.15701592,7.103986
750,false,15.917358,0.1588208,7.271344
750,false,15.917358,0.15449642,6.993268
750,false,15.917358,0.15897807,7.223126
750,false,15.917358,0.16012408,7.293011
750,false,15.757254,0.15837103,7.171002
1000,false,15.757254,0.4207011,18.637648
1000,false,15.757254,0.4197053,18.559156
1000,false,15.757254,0.42142186,18.699598
1000,false,15.757254,0.41898608,18.455702
1000,false,15.757254,0.41881716,18.586683
1000,false,15.757254,0.4223144,18.740553
1000,false,15.757254,0.42059863,18.550734
1000,false,15.757254,0.4173103,18.637833
1000,false,15.757254,0.42020956,18.733107
1000,false,7.7572536,0.41762766,18.448929
1000,false,7.7572536,0.46334064,19.659985
1000,false,7.7572536,0.45417407,19.210829
1000,false,7.7572536,0.44679993,19.044752
1000,false,7.7572536,0.44690305,18.993786
1000,false,7.7572536,0.4614765,19.343273
1000,false,7.7572536,0.44420102,19.106518
1000,false,7.7572536,0.44379252,18.959303
1000,false,7.7572536,0.45744842,19.088207
1000,false,7.7572536,0.44393888,19.022352
1000,false,11.757254,0.45477197,19.249037
1000,false,11.757254,0.44306138,18.99696
1000,false,11.757254,0.4436253,18.923903
1000,false,11.757254,0.43317652,18.800673
1000,false,11.757254,0.42966455,18.745983
1000,false,11.757254,0.4438955,18.93324
1000,false,11.757254,0.43310222,18.964308
1000,false,11.757254,0.42944166,18.750868
1000,false,11.757254,0.4314964,18.75282
1000,false,11.757254,0.44342887,18.899733
1000,false,13.757254,0.43155178,18.846815
1000,false,13.757254,0.42592615,18.685682
1000,false,13.757254,0.42429873,18.701368
1000,false,13.757254,0.4238058,18.639112
1000,false,13.757254,0.42487383,18.640884
1000,false,13.757254,0.42545557,18.772411
1000,false,13.757254,0.42612112,18.657057
1000,false,13.757254,0.42527953,18.6772
1000,false,13.757254,0.42299372,18.618849
1000,false,13.757254,0.4239328,18.62178
1000,false,14.757254,0.42382655,18.647411
1000,false,14.757254,0.42298856,18.586134
1000,false,14.757254,0.4236008,18.691725
1000,false,14.757254,0.42319512,18.494764
1000,false,14.757254,0.42187172,18.501175
1000,false,14.757254,0.42586055,18.567396
1000,false,14.757254,0.42137352,18.494825
1000,false,14.757254,0.4219188,18.553236
1000,false,14.757254,0.4220941,18.501478
1000,false,14.757254,0.42384222,18.75032
1000,false,15.297794,0.4231228,18.608715
1000,false,15.297794,0.42375168,18.55879
1000,false,15.297794,0.42179555,18.498304
1000,false,15.297794,0.4222015,18.615614
1000,false,15.297794,0.42523122,18.955153
1000,false,15.297794,0.42473423,18.917616
1000,false,15.297794,0.42232838,18.50636
1000,false,15.297794,0.423292,18.602247
1000,false,15.297794,0.42232898,18.547194
1000,false,15.297794,0.4223282,18.506788
1000,false,14.909067,0.42267236,18.824232
1000,false,14.909067,0.4239922,18.773144
1000,false,14.909067,0.4230648,18.743176
1000,false,14.909067,0.42199075,18.513199
1000,false,14.909067,0.42144692,18.621471
1000,false,14.909067,0.4232505,18.754652
1000,false,14.909067,0.42669398,18.960707
1000,false,14.909067,0.4255282,18.91322
1000,false,14.909067,0.42460456,18.844435
1000,false,14.909067,0.4191969,18.433243
1000,false,15.222878,0.4248713,18.9333
1000,false,15.222878,0.42483345,18.679335
1000,false,15.222878,0.4209233,18.50508
1000,false,15.222878,0.4233768,18.630812
1000,false,15.222878,0.42211208,18.55
1000,false,15.222878,0.42287782,18.562513
1000,false,15.222878,0.425444,18.91682
1000,false,15.222878,0.4204571,18.482864
1000,false,15.222878,0.42253578,18.532425
1000,false,15.222878,0.4234712,18.61244
1000,false,15.492519,0.4240291,18.589615
1000,false,15.492519,0.42525652,18.832716
1000,false,15.492519,0.42417488,18.619764
1000,false,15.492519,0.42242,18.546583
1000,false,15.492519,0.42143878,18.476942
1000,false,15.492519,0.4245966,18.680431
1000,false,15.492519,0.42455322,18.80354
1000,false,15.492519,0.42262807,18.683483
1000,false,15.492519,0.42206967,18.565445
1000,false,15.492519,0.42233112,18.548416
1000,false,15.251691,0.4223041,18.581615
1000,false,15.251691,0.4229669,18.566298
1000,false,15.251691,0.42434433,18.844984
1000,false,15.251691,0.4222784,18.639845
1000,false,15.251691,0.42139336,18.593336
1000,false,15.251691,0.42417514,18.781263
1000,false,15.251691,0.42141387,18.522413
1000,false,15.251691,0.42288888,18.6432
1000,false,15.251691,0.421778,18.520096
1000,false,15.251691,0.4223425,18.530958
1000,false,15.030915,0.42162967,18.535477
1000,false,15.030915,0.4230296,18.55934
1000,false,15.030915,0.42340395,18.565504
1000,false,15.030915,0.42171445,18.506117
1000,false,15.030915,0.4222656,18.672865
1000,false,15.030915,0.43556735,19.46156
1000,false,15.030915,0.42406818,18.560928
1000,false,15.030915,0.42279658,18.674452
1000,false,15.030915,0.4253776,18.825392
1000,false,15.030915,0.42359754,18.594313
1000,false,14.824733,0.42050153,18.461868
1000,false,14.824733,0.42365935,18.662184
1000,false,14.824733,0.42279372,18.523878
1000,false,14.824733,0.42183918,18.597977
1000,false,14.824733,0.42262027,18.727491
1000,false,14.824733,0.42297372,18.589005
1000,false,14.824733,0.42465737,18.664564
1000,false,14.824733,0.42187342,18.54286
1000,false,14.824733,0.41911268,18.456251
1000,false,14.824733,0.42228708,18.514296
1000,false,14.629518,0.4194009,18.522049
1000,false,14.629518,0.4230494,18.819471
1000,false,14.629518,0.42294228,18.621716
1000,false,14.629518,0.41850036,18.59004
1000,false,14.629518,0.42284894,18.542248
1000,false,14.629518,0.4238024,18.802626
1000,false,14.629518,0.42254883,18.793959
1000,false,14.629518,0.42059782,18.466078
1000,false,14.629518,0.42163232,18.623854
1000,false,14.629518,0.42207858,18.734388
1000,false,14.816288,0.4226062,18.544996
1000,false,14.816288,0.42446244,18.558668
1000,false,14.816288,0.42189848,18.559645
1000,false,14.816288,0.42616835,18.8672
1000,false,14.816288,0.4227419,18.728163
1000,false,14.816288,0.4223354,18.636976
1000,false,14.816288,0.42340595,18.62715
1000,false,14.816288,0.42297876,18.720594
1000,false,14.816288,0.4200896,18.558424
1000,false,14.816288,0.4225544,18.664991
1000,false,14.636142,0.42143458,18.493849
1000,false,14.636142,0.42296156,18.572218
1000,false,14.636142,0.42316428,18.787548
1000,false,14.636142,0.42308873,18.649305
1000,false,14.636142,0.42136583,18.55
1000,false,14.636142,0.42133433,18.514174
1000,false,14.636142,0.42606673,18.730055
1000,false,14.636142,0.42298883,18.73616
1000,false,14.636142,0.4251032,18.675243
1000,false,14.636142,0.42206696,18.533829
1000,false,14.811016,0.42415956,18.74928
1000,false,14.811016,0.42073286,18.620924
1000,false,14.811016,0.42880315,19.17964
1000,false,14.811016,0.42197034,18.533155
1000,false,14.811016,0.42146033,18.521072
1000,false,14.811016,0.42314574,18.666515
1000,false,14.811016,0.4228977,18.734266
1000,false,14.811016,0.4228307,18.773453
1000,false,14.811016,0.4222406,18.569166
1000,false,14.811016,0.4224518,18.794142
1000,false,14.640386,0.42366856,18.726576
1000,false,14.640386,0.422785,18.701796
1000,false,14.640386,0.42200512,18.560682
1000,false,14.640386,0.42224106,18.628551
1000,false,14.640386,0.42186266,18.58943
1000,false,14.640386,0.42511338,18.798048
1000,false,14.640386,0.42205417,18.681105
1000,false,14.640386,0.42599854,18.863539
1000,false,14.640386,0.4228091,18.59114
1000,false,14.640386,0.42045817,18.590467
1000,false,14.473205,0.42356518,18.858168
1000,false,14.473205,0.4273591,18.83058
1000,false,14.473205,0.42462265,18.69496
1000,false,14.473205,0.4260099,18.95094
1000,false,14.473205,0.4259395,18.616041
1000,false,14.473205,0.4253991,18.745619
1000,false,14.473205,0.44419408,18.806654
1000,false,14.473205,0.42436507,18.602674
1000,false,14.473205,0.4246128,18.62776
1000,false,14.473205,0.42494798,18.640821
1000,false,14.637562,0.42547432,18.677135
1000,false,14.637562,0.42224857,18.600355
1000,false,14.637562,0.42588484,18.899548
1000,false,14.637562,0.42175025,18.54225
1000,false,14.637562,0.42392275,18.874828
1000,false,14.637562,0.4240799,18.91798
1000,false,14.637562,0.42588332,18.844616
1000,false,14.637562,0.4217839,18.736036
1000,false,14.637562,0.4244793,18.841627
1000,false,14.637562,0.4223556,18.697218
1000,false,14.475531,0.4260686,18.947765
1000,false,14.475531,0.42321151,18.57289
1000,false,14.475531,0.42363912,18.644545
1000,false,14.475531,0.4259778,18.919567
1000,false,14.475531,0.42316318,18.599012
1000,false,14.475531,0.42777818,18.75508
1000,false,14.475531,0.42584887,18.744642
1000,false,14.475531,0.42902666,18.849134
1000,false,14.475531,0.42483026,18.703808
1000,false,14.475531,0.42294902,18.563309
1000,false,14.315426,0.4282475,18.857008
1250,false,14.315426,0.9397522,40.51296
1250,false,14.315426,0.94744176,40.714558
1250,false,14.315426,0.9455878,40.65505
1250,false,14.315426,0.9457897,40.646564
1250,false,14.315426,0.946307,40.73543
1250,false,14.315426,0.9476844,40.71364
1250,false,14.315426,0.9416414,40.58565
1250,false,14.315426,0.9468667,40.687885
1250,false,14.315426,0.94821584,40.761494
1250,false,6.315426,0.9461332,40.789753
1250,false,6.315426,1.1725087,42.498245
1250,false,6.315426,1.3162014,43.71095
1250,false,6.315426,1.3139883,43.68934
1250,false,6.315426,1.1707466,41.988785
1250,false,6.315426,1.1706492,41.66719
1250,false,6.315426,1.1827018,41.96895
1250,false,6.315426,1.2008401,42.171036
1250,false,6.315426,1.1998341,42.074173
1250,false,6.315426,1.1753862,42.59608
1250,false,10.315426,1.2008681,42.12239
1250,false,10.315426,0.9309542,39.422935
1250,false,10.315426,0.9242628,39.03231
1250,false,10.315426,0.89550596,38.61245
1250,false,10.315426,0.8966762,38.626858
1250,false,10.315426,0.8971154,38.615623
1250,false,10.315426,0.89824915,38.67684
1250,false,10.315426,0.9227499,38.919086
1250,false,10.315426,0.92046005,38.859154
1250,false,10.315426,0.895669,38.586754
1250,false,12.315426,0.9355839,39.194054
1250,false,12.315426,0.92810184,39.650043
1250,false,12.315426,0.9458461,41.121292
1250,false,12.315426,0.9690999,42.344254
1250,false,12.315426,0.9193222,39.604637
1250,false,12.315426,0.9317089,39.80837
1250,false,12.315426,0.9346767,39.811176
1250,false,12.315426,0.91662556,39.452595
1250,false,12.315426,0.9328198,39.723045
1250,false,12.315426,0.9334135,39.712914
1250,false,11.315426,0.9334005,40.052876
1250,false,11.315426,0.9264278,39.339863
1250,false,11.315426,0.90830874,39.045246
1250,false,11.315426,0.9340078,39.446247
1250,false,11.315426,0.9280713,39.393696
1250,false,11.315426,0.92832106,39.32418
1250,false,11.315426,0.9064818,39.136375
1250,false,11.315426,0.92847806,39.43673
1250,false,11.315426,0.92861134,39.395103
1250,false,11.315426,0.9115054,39.121727
1250,false,10.774885,0.9310951,39.407307
1250,false,10.774885,0.9586319,39.79287
1250,false,10.774885,0.9283407,39.318623
1250,false,10.774885,0.932994,39.420433
1250,false,10.774885,0.94438183,39.79903
1250,false,10.774885,0.9280717,39.394005
1250,false,10.774885,0.9350381,39.44326
1250,false,10.774885,0.90821016,39.05184
1250,false,10.774885,0.92472875,39.2322
1250,false,10.774885,0.9398563,39.530113
1250,false,11.163612,0.90906113,39.099876
1250,false,11.163612,0.92717856,39.33718
1250,false,11.163612,0.9370345,39.467064
1250,false,11.163612,0.9087791,39.09786
1250,false,11.163612,0.9084726,39.10195
1250,false,11.163612,0.9279496,39.29696
1250,false,11.163612,0.9331335,39.513634
1250,false,11.163612,0.9289602,39.37374
1250,false,11.163612,0.907929,39.080284
1250,false,11.163612,0.9280345,39.400288
1250,false,11.477424,0.9078878,39.045246
1250,false,11.477424,0.9131355,39.166035
1250,false,11.477424,0.92953354,39.720966
1250,false,11.477424,0.9087576,39.033775
1250,false,11.477424,0.9272766,39.349205
1250,false,11.477424,0.9335593,39.4446
1250,false,11.477424,0.94384307,39.53884
1250,false,11.477424,0.92647123,39.296654
1250,false,11.477424,0.92916155,39.41488
1250,false,11.477424,0.9273738,39.341637
1250,false,11.207783,0.92916816,39.351643
1250,false,11.207783,0.9081174,39.02578
1250,false,11.207783,0.9077906,39.094017
1250,false,11.207783,0.9405639,40.26302
1250,false,11.207783,0.9219299,39.332848
1250,false,11.207783,0.930496,39.43496
1250,false,11.207783,0.9371613,39.513203
1250,false,11.207783,0.9083547,39.104088
1250,false,11.207783,0.9098671,39.167625
1250,false,11.207783,0.9076754,38.974327
1250,false,10.966954,0.93306696,39.42037
1250,false,10.966954,0.92629474,39.379356
1250,false,10.966954,0.92829174,39.38259
1250,false,10.966954,0.9253776,39.24288
1250,false,10.966954,0.9084431,39.043907
1250,false,10.966954,0.92657775,39.3738
1250,false,10.966954,0.9090376,39.109215
1250,false,10.966954,0.9269875,39.451073
1250,false,10.966954,0.9533579,39.635822
1250,false,10.966954,0.9083371,39.063988
1250,false,11.18773,0.9086347,39.03762
1250,false,11.18773,0.9133529,39.15554
1250,false,11.18773,0.913488,39.22835
1250,false,11.18773,0.9304075,39.426655
1250,false,11.18773,0.9304793,39.42208
1250,false,11.18773,0.92862725,39.672264
1250,false,11.18773,0.9082407,39.031456
1250,false,11.18773,0.9074984,39.037132
1250,false,11.18773,0.9254544,39.24715
1250,false,11.18773,0.9085574,39.075703
1250,false,11.393912,0.90840024,39.05593
1250,false,11.393912,0.93578607,39.54012
1250,false,11.393912,0.9246119,39.34469
1250,false,11.393912,0.9588969,39.78573
1250,false,11.393912,0.92758673,39.40163
1250,false,11.393912,0.9201027,39.245136
1250,false,11.393912,0.9266798,39.327106
1250,false,11.393912,0.9548575,39.771385
1250,false,11.393912,0.92772454,39.307213
1250,false,11.393912,0.915311,39.279743
1250,false,11.198697,0.9118445,39.119957
1250,false,11.198697,0.9082057,39.045433
1250,false,11.198697,0.932744,39.621178
1250,false,11.198697,0.9557729,39.724995
1250,false,11.198697,0.924442,39.332664
1250,false,11.198697,0.90822643,39.014793
1250,false,11.198697,0.9201324,39.156273
1250,false,11.198697,0.9279054,39.30349
1250,false,11.198697,0.9080269,39.082542
1250,false,11.198697,0.9370607,39.590965
1250,false,11.011927,0.92873013,39.316975
1250,false,11.011927,0.9264828,39.24801
1250,false,11.011927,0.90765965,39.050194
1250,false,11.011927,0.95637894,39.7217
1250,false,11.011927,0.90879524,39.103966
1250,false,11.011927,0.93888044,39.529808
1250,false,11.011927,0.94180834,39.599567
1250,false,11.011927,0.9283566,39.658344
1250,false,11.011927,0.9198544,39.202538
1250,false,11.011927,0.92871886,39.315575
1250,false,10.83178,0.9263878,39.300865
1250,false,10.83178,0.90872115,39.044273
1250,false,10.83178,0.9269456,39.255207
1250,false,10.83178,0.92480665,39.336143
1250,false,10.83178,0.9240667,39.21456
1250,false,10.83178,0.92809695,39.35848
1250,false,10.83178,0.9210791,39.243065
1250,false,10.83178,0.9301589,39.50576
1250,false,10.83178,0.9324577,40.43819
1250,false,10.83178,0.96119094,41.650528
1250,false,11.006655,0.92219824,39.369408
1250,false,11.006655,0.9087983,39.05355
1250,false,11.006655,0.9085491,39.032616
1250,false,11.006655,0.9277477,39.336815
1250,false,11.006655,0.9085086,39.1191
1250,false,11.006655,0.92849976,39.325157
1250,false,11.006655,0.92960095,39.369713
1250,false,11.006655,0.90827185,39.08132
1250,false,11.006655,0.9304473,39.408527
1250,false,11.006655,0.9300869,39.425804
1250,false,11.177285,0.91047007,39.06118
1250,false,11.177285,0.90738755,39.032127
1250,false,11.177285,0.925991,39.353107
1250,false,11.177285,0.92679775,39.29531
1250,false,11.177285,0.92965114,39.326134
1250,false,11.177285,0.9263251,39.301167
1250,false,11.177285,0.9416926,39.62893
1250,false,11.177285,0.9280066,39.421955
1250,false,11.177285,0.9084032,39.030903
1250,false,11.177285,0.92988837,39.51839
1250,false,11.010104,0.9284122,39.658653
1250,false,11.010104,0.9083974,39.084496
1250,false,11.010104,0.90748155,39.124413
1250,false,11.010104,0.9266165,39.43636
1250,false,11.010104,0.92850393,39.414818
1250,false,11.010104,0.9283049,39.355247
1250,false,11.010104,0.92801154,39.38131
1250,false,11.010104,0.9279242,39.39547
1250,false,11.010104,0.9280736,39.38558
1250,false,11.010104,0.9078989,39.031517
1250,false,11.174461,0.9212955,39.23153
1250,false,11.174461,0.9378282,39.500145
1250,false,11.174461,0.9551835,39.7253
1250,false,11.174461,0.95933086,39.760395
1250,false,11.174461,0.90764433,39.06051
1250,false,11.174461,0.93138975,39.29415
1250,false,11.174461,0.92550004,39.24624
1250,false,11.174461,0.92104495,39.1816
1250,false,11.174461,0.9085623,39.082603
1250,false,11.174461,0.9081447,39.007774
1250,false,11.336493,0.928386,39.30422
1250,false,11.336493,0.92247325,39.17568
1250,false,11.336493,0.9150647,39.10018
1250,false,11.336493,0.9083457,39.02987
1250,false,11.336493,0.9273662,39.33883
1250,false,11.336493,0.9327763,39.68453
1250,false,11.336493,1.0289567,46.573975
1250,false,11.336493,0.9878052,43.962776
1250,false,11.336493,0.9233875,39.9811
1250,false,11.336493,0.9271699,39.35921
1250,false,11.176388,0.9323087,39.56661
1500,false,11.176388,1.7902265,74.9594
1500,false,11.176388,1.8537561,75.399895
1500,false,11.176388,1.9203476,76.24956
1500,false,11.176388,1.8608387,75.44689
1500,false,11.176388,1.8653233,75.5081
1500,false,11.176388,1.857388,75.41601
1500,false,11.176388,1.8786311,76.9204
1500,false,11.176388,1.8521979,75.40508
1500,false,11.176388,1.8603652,75.35759
1500,false,3.1763878,1.763314,74.11443
1500,false,3.1763878,4.6295533,109.68508
1500,false,3.1763878,4.618429,108.922264
1500,false,3.1763878,6.902726,136.99532
1500,false,3.1763878,4.6173797,108.08261
1500,false,3.1763878,6.886492,135.31361
1500,false,3.1763878,4.615336,107.51358
1500,false,3.1763878,4.6093907,106.8674
1500,false,3.1763878,4.6176124,107.55783
1500,false,3.1763878,4.6197042,107.27432
1500,false,7.176388,6.8519683,134.4546
1500,false,7.176388,1.8677347,70.88141
1500,false,7.176388,1.8564105,70.28785
1500,false,7.176388,1.8582151,70.24073
1500,false,7.176388,1.8597493,70.34625
1500,false,7.176388,1.8619428,70.51135
1500,false,7.176388,1.8764356,70.67096
1500,false,7.176388,1.8612571,70.10352
1500,false,7.176388,1.8613926,70.37811
1500,false,7.176388,1.8692716,70.4292
1500,false,9.176388,1.864277,70.42743
1500,false,9.176388,1.6620314,69.289375
1500,false,9.176388,1.6472069,68.69532
1500,false,9.176388,1.6500146,68.71229
1500,false,9.176388,1.6490717,68.6656
1500,false,9.176388,1.8126259,70.781075
1500,false,9.176388,1.646883,68.52363
1500,false,9.176388,1.8082784,70.72871
1500,false,9.176388,1.6465473,68.71711
1500,false,9.176388,1.6705434,69.20576
1500,false,10.176388,1.6950853,69.51905
1500,false,10.176388,1.8924754,73.421875
1500,false,10.176388,1.823696,72.239136
1500,false,10.176388,1.7016509,70.791504
1500,false,10.176388,1.8200676,72.4245
1500,false,10.176388,1.7007818,70.84693
1500,false,10.176388,1.7010698,70.88379
1500,false,10.176388,1.7194378,71.19977
1500,false,10.176388,1.7024566,70.7583
1500,false,10.176388,1.8223419,72.765495
1500,false,9.635847,1.7293108,71.27319
1500,false,9.635847,1.8315891,72.64544
1500,false,9.635847,1.7428553,71.74634
1500,false,9.635847,1.846398,73.08606
1500,false,9.635847,1.7328866,71.47736
1500,false,9.635847,1.8303216,73.30115
1500,false,9.635847,1.8345668,72.726006
1500,false,9.635847,1.70766,71.10217
1500,false,9.635847,1.8266987,72.65564
1500,false,9.635847,1.7219977,71.40332
1500,false,10.024574,1.6985811,70.89124
1500,false,10.024574,1.8198771,72.5011
1500,false,10.024574,1.7283468,71.3631
1500,false,10.024574,1.7805436,75.85118
1500,false,10.024574,1.7114906,71.23273
1500,false,10.024574,1.8359264,73.062126
1500,false,10.024574,1.8424914,73.27075
1500,false,10.024574,1.6994134,71.0343
1500,false,10.024574,1.7035726,71.152405
1500,false,10.024574,1.8187785,72.65332
1500,false,10.338386,1.8222969,72.58295
1500,false,10.338386,1.8337219,72.928955
1500,false,10.338386,1.7179873,71.3415
1500,false,10.338386,1.8216923,72.62427
1500,false,10.338386,1.8203578,72.537285
1500,false,10.338386,1.7228962,71.40314
1500,false,10.338386,1.8204086,72.60479
1500,false,10.338386,1.7239114,71.47034
1500,false,10.338386,1.6968471,71.04498
1500,false,10.338386,1.8211377,72.658134
1500,false,10.6080265,1.8188546,72.58905
1500,false,10.6080265,1.8501037,74.40508
1500,false,10.6080265,1.8652717,75.03985
1500,false,10.6080265,1.8526962,74.49883
1500,false,10.6080265,1.8549958,74.68853
1500,false,10.6080265,1.8557882,74.41497
1500,false,10.6080265,1.8339796,74.724846
1500,false,10.6080265,1.7678056,73.47497
1500,false,10.6080265,1.8594515,75.34484
1500,false,10.6080265,1.7606077,73.44397
1500,false,10.367198,1.8530574,74.66265
1500,false,10.367198,1.738319,71.78797
1500,false,10.367198,1.7008281,71.20941
1500,false,10.367198,1.6943803,71.14923
1500,false,10.367198,1.8599603,73.41271
1500,false,10.367198,1.8456721,73.19616
1500,false,10.367198,1.7136915,71.40845
1500,false,10.367198,1.7133243,71.52936
1500,false,10.367198,1.7428594,71.9187
1500,false,10.367198,1.8235202,73.22283
1500,false,10.146422,1.7231219,71.574036
1500,false,10.146422,1.700937,71.28644
1500,false,10.146422,1.7217079,71.60364
1500,false,10.146422,1.7491994,72.11437
1500,false,10.146422,1.7272062,71.537476
1500,false,10.146422,1.7013774,71.29895
1500,false,10.146422,1.7235074,72.14764
1500,false,10.146422,1.8378506,73.22046
1500,false,10.146422,1.7003497,71.25952
1500,false,10.146422,1.8280416,72.967834
1500,false,9.94024,1.7232616,71.74164
1500,false,9.94024,1.7255013,71.62579
1500,false,9.94024,1.8230951,72.84418
1500,false,9.94024,1.7030525,71.369385
1500,false,9.94024,1.7367951,71.76294
1500,false,9.94024,1.8282249,72.978935
1500,false,9.94024,1.7349992,72.2381
1500,false,9.94024,1.7150915,71.56122
1500,false,9.94024,1.9020406,73.98882
1500,false,9.94024,1.7003818,71.349365
1500,false,10.135455,1.8276405,73.0719
1500,false,10.135455,1.7010734,71.37616
1500,false,10.135455,1.8395475,73.97881
1500,false,10.135455,1.7015784,71.32477
1500,false,10.135455,1.8168077,72.98919
1500,false,10.135455,1.7012384,71.40228
1500,false,10.135455,1.8246012,72.95489
1500,false,10.135455,1.821868,72.95203
1500,false,10.135455,1.8589146,73.880486
1500,false,10.135455,1.7021513,71.50415
1500,false,9.948685,1.8262852,73.081665
1500,false,9.948685,1.7019503,71.434326
1500,false,9.948685,1.8593969,73.50353
1500,false,9.948685,1.7094946,71.734314
1500,false,9.948685,1.8235373,73.043816
1500,false,9.948685,1.7086916,71.56414
1500,false,9.948685,1.7085378,71.570496
1500,false,9.948685,1.7027075,71.59411
1500,false,9.948685,1.7230269,71.74634
1500,false,9.948685,1.8204253,72.95007
1500,false,9.768538,1.7225943,71.658875
1500,false,9.768538,1.6947205,71.35255
1500,false,9.768538,1.8228356,73.06457
1500,false,9.768538,1.8298125,73.08893
1500,false,9.768538,1.7228327,71.62098
1500,false,9.768538,1.8223855,73.040955
1500,false,9.768538,1.7021396,71.44348
1500,false,9.768538,1.9191681,81.27628
1500,false,9.768538,1.8681549,78.5634
1500,false,9.768538,1.8631434,74.718315
1500,false,9.943413,1.7232627,72.24975
1500,false,9.943413,1.7308812,71.948975
1500,false,9.943413,1.744122,72.22516
1500,false,9.943413,1.823194,73.03949
1500,false,9.943413,1.7350636,71.86908
1500,false,9.943413,1.757301,74.87389
1500,false,9.943413,1.8672978,79.689735
1500,false,9.943413,1.9003044,81.65293
1500,false,9.943413,1.739608,73.19678
1500,false,9.943413,1.7047024,71.55237
1500,false,10.114043,1.701941,71.6535
1500,false,10.114043,1.8452876,73.550285
1500,false,10.114043,1.7259736,71.77875
1500,false,10.114043,1.8475721,79.098976
1500,false,10.114043,1.7124767,72.22101
1500,false,10.114043,1.8206029,73.08831
1500,false,10.114043,1.6985757,71.55585
1500,false,10.114043,1.7233044,72.131775
1500,false,10.114043,1.81672,72.95892
1500,false,10.114043,1.8182288,73.00036
1500,false,10.281224,1.8226106,73.144714
1500,false,10.281224,1.6999357,71.44245
1500,false,10.281224,1.8202562,73.023735
1500,false,10.281224,1.7238812,72.03406
1500,false,10.281224,1.8328049,73.346245
1500,false,10.281224,1.821434,73.03887
1500,false,10.281224,1.8658931,73.797295
1500,false,10.281224,1.7046046,71.662415
1500,false,10.281224,1.7191961,71.79639
1500,false,10.281224,1.7647382,72.4917
1500,false,10.445581,1.7005317,71.37018
1500,false,10.445581,1.8341436,73.39428
1500,false,10.445581,1.8210595,73.095825
1500,false,10.445581,1.8220053,73.142204
1500,false,10.445581,1.9316719,75.03838
1500,false,10.445581,1.7052792,71.57665
1500,false,10.445581,1.8198528,73.12085
1500,false,10.445581,1.8754905,73.86828
1500,false,10.445581,1.8419509,73.57903
1500,false,10.445581,1.727596,72.20184
1500,false,10.28355,1.7268295,72.82513
1500,false,10.28355,1.7310641,72.32025
1500,false,10.28355,1.8177338,73.18578
1500,false,10.28355,1.7155073,71.803894
1500,false,10.28355,1.8140109,72.978325
1500,false,10.28355,1.7126281,71.75598
1500,false,10.28355,1.8221922,72.910034
1500,false,10.28355,1.8182925,72.983574
1500,false,10.28355,1.700378,71.55109
1500,false,10.28355,1.8168266,73.02111
1500,false,10.1234455,1.7013488,71.55463
500,true,10.1234455,0.07991427,2.67901
500,true,10.1234455,0.08055479,2.701531
500,true,10.1234455,0.06616582,2.371881
500,true,10.1234455,0.06642371,2.38891
500,true,10.1234455,0.07920549,2.532342
500,true,10.1234455,0.0655895,2.359979
500,true,10.1234455,0.06592412,2.392755
500,true,10.1234455,0.06591889,2.361445
500,true,10.1234455,0.065748915,2.369012
500,true,9.964942,0.06595552,2.375177
500,true,9.964942,0.06746228,2.412286
500,true,9.964942,0.0657665,2.351435
500,true,9.964942,0.065788046,2.39544
500,true,9.964942,0.06577969,2.349176
500,true,9.964942,0.07977288,2.573419
500,true,9.964942,0.06588482,2.371515
500,true,9.964942,0.065968424,2.379877
500,true,9.964942,0.06571157,2.343866
500,true,9.964942,0.065788426,2.408197
500,true,16,0.065711424,2.369623
500,true,16,0.047435272,2.057184
500,true,16,0.047441993,2.101924
500,true,16,0.04766133,2.120295
500,true,16,0.047229864,2.081964
500,true,16,0.047411405,2.107722
500,true,16,0.047280665,2.070429
500,true,16,0.047276326,2.093318
500,true,16,0.04803184,2.102167
500,true,16,0.04729704,2.129511
500,true,16,0.047357526,2.078364
500,true,16,0.047174543,2.080195
500,true,16,0.047231615,2.096003
500,true,16,0.047329046,2.091425
500,true,16,0.047281187,2.097773
500,true,16,0.047304682,2.046504
500,true,16,0.04724768,2.124506
500,true,16,0.047273327,2.085322
500,true,16,0.04731432,2.074641
500,true,16,0.047399286,2.115351
500,true,14,0.047235157,2.084406
500,true,14,0.049213767,2.133234
500,true,14,0.049346164,2.168696
500,true,14,0.04923287,2.126642
500,true,14,0.049400683,2.126765
500,true,14,0.049170066,2.160944
500,true,14,0.049259648,2.127802
500,true,14,0.049174026,2.128535
500,true,14,0.049350213,2.154413
500,true,14,0.04912745,2.137385
500,true,15,0.049143776,2.121943
500,true,15,0.0481923,2.099299
500,true,15,0.04777195,2.103998
500,true,15,0.04782457,2.102168
500,true,15,0.047815684,2.102472
500,true,15,0.047906946,2.091792
500,true,15,0.047846206,2.10113
500,true,15,0.04785538,2.100275
500,true,15,0.04782047,2.102778
500,true,15,0.04779123,2.105524
500,true,15.540541,0.047764298,2.081355
500,true,15.540541,0.047302477,2.08288
500,true,15.540541,0.04743196,2.11529
500,true,15.540541,0.04729121,2.102595
500,true,15.540541,0.04737476,2.12353
500,true,15.540541,0.0473305,2.087946
500,true,15.540541,0.04742736,2.088862
500,true,15.540541,0.047221538,2.117487
500,true,15.540541,0.04721636,2.106318
500,true,15.540541,0.047307953,2.093134
500,true,15.929268,0.047298323,2.118647
500,true,15.929268,0.047265593,2.069148
500,true,15.929268,0.04733297,2.092096
500,true,15.929268,0.047211744,2.080744
500,true,15.929268,0.04740489,2.130427
500,true,15.929268,0.047252793,2.079646
500,true,15.929268,0.047302213,2.108942
500,true,15.929268,0.047314756,2.078181
500,true,15.929268,0.04729595,2.112909
500,true,15.929268,0.047433317,2.093562
500,true,16,0.047302473,2.082514
500,true,16,0.04713609,2.085932
500,true,16,0.047305815,2.078486
500,true,16,0.047485296,2.110529
500,true,16,0.047386196,2.108027
500,true,16,0.04727067,2.102717
500,true,16,0.047280524,2.076594
500,true,16,0.047323518,2.101557
500,true,16,0.047290783,2.093439
500,true,16,0.047271315,2.066829
500,true,16,0.04722414,2.117182
500,true,16,0.047308136,2.096491
500,true,16,0.047161136,2.065241
500,true,16,0.04725401,2.102351
500,true,16,0.047273647,2.101557
500,true,16,0.04725924,2.102289
500,true,16,0.0472474,2.072322
500,true,16,0.04727646,2.082697
500,true,16,0.047306113,2.118098
500,true,16,0.047397908,2.084223
500,true,15.7591715,0.04718873,2.115839
500,true,15.7591715,0.047340963,2.090144
500,true,15.7591715,0.047343772,2.068232
500,true,15.7591715,0.047265135,2.116755
500,true,15.7591715,0.04726128,2.083796
500,true,15.7591715,0.047369555,2.097895
500,true,15.7591715,0.047161184,2.100153
500,true,15.7591715,0.047321707,2.087702
500,true,15.7591715,0.04727258,2.095576
500,true,15.7591715,0.047301143,2.079157
500,true,15.979947,0.04725556,2.106623
500,true,15.979947,0.047310416,2.094782
500,true,15.979947,0.04727247,2.085871
500,true,15.979947,0.047219187,2.079524
500,true,15.979947,0.047325425,2.105646
500,true,15.979947,0.047321696,2.088435
500,true,15.979947,0.04725992,2.1206
500,true,15.979947,0.047303703,2.072382
500,true,15.979947,0.04731229,2.101313
500,true,15.979947,0.04732264,2.077021
500,true,16,0.047289655,2.103267
500,true,16,0.047289975,2.086542
500,true,16,0.04740882,2.123835
500,true,16,0.047290426,2.079523
500,true,16,0.047365736,2.109553
500,true,16,0.047307633,2.100276
500,true,16,0.04725432,2.066584
500,true,16,0.047168486,2.115534
500,true,16,0.04730095,2.093805
500,true,16,0.0474506,2.07043
500,true,15.804785,0.04766653,2.133051
500,true,15.804785,0.047281664,2.079157
500,true,15.804785,0.047334943,2.104487
500,true,15.804785,0.04740532,2.085078
500,true,15.804785,0.047245935,2.079645
500,true,15.804785,0.047317397,2.123896
500,true,15.804785,0.047281433,2.08404
500,true,15.804785,0.047254715,2.101435
500,true,15.804785,0.04744883,2.100947
500,true,15.804785,0.047179397,2.092707
500,true,15.618014,0.047245614,2.070307
500,true,15.618014,0.047391903,2.111872
500,true,15.618014,0.047372118,2.088862
500,true,15.618014,0.04726055,2.091181
500,true,15.618014,0.04727609,2.113581
500,true,15.618014,0.047286987,2.084407
500,true,15.618014,0.047330603,2.084772
500,true,15.618014,0.047185417,2.106135
500,true,15.618014,0.047260974,2.08227
500,true,15.618014,0.047258087,2.096857
500,true,15.798161,0.047247946,2.080622
500,true,15.798161,0.04726823,2.114497
500,true,15.798161,0.047305815,2.091242
500,true,15.798161,0.04725952,2.086848
500,true,15.798161,0.04724908,2.106501
500,true,15.798161,0.04728944,2.076716
500,true,15.798161,0.047271278,2.100458
500,true,15.798161,0.047198646,2.077632
500,true,15.798161,0.04722867,2.119135
500,true,15.798161,0.047285125,2.079951
500,true,15.973035,0.047321808,2.101862
500,true,15.973035,0.04716865,2.060663
500,true,15.973035,0.047309007,2.109309
500,true,15.973035,0.047135204,2.088313
500,true,15.973035,0.04724153,2.072199
500,true,15.973035,0.047255505,2.096247
500,true,15.973035,0.047239423,2.101923
500,true,15.973035,0.04724659,2.091731
500,true,15.973035,0.04724635,2.067377
500,true,15.973035,0.047250744,2.135859
500,true,15.802404,0.047436927,2.069331
500,true,15.802404,0.04738639,2.11413
500,true,15.802404,0.04739867,2.097041
500,true,15.802404,0.047264688,2.105768
500,true,15.802404,0.047315046,2.079768
500,true,15.802404,0.04733106,2.100763
500,true,15.802404,0.04731052,2.095942
500,true,15.802404,0.047283955,2.091548
500,true,15.802404,0.047275838,2.085932
500,true,15.802404,0.047236536,2.083674
500,true,15.969585,0.047178604,2.08404
500,true,15.969585,0.04730097,2.121759
500,true,15.969585,0.04725471,2.087214
500,true,15.969585,0.047240894,2.088862
500,true,15.969585,0.047345173,2.105219
500,true,15.969585,0.04728549,2.086665
500,true,15.969585,0.04728968,2.068781
500,true,15.969585,0.047229473,2.129084
500,true,15.969585,0.047231898,2.085261
500,true,15.969585,0.047268122,2.083857
500,true,16,0.04741896,2.100886
500,true,16,0.047226813,2.087519
500,true,16,0.047329325,2.085261
500,true,16,0.047263924,2.091181
500,true,16,0.04719468,2.10766
500,true,16,0.04735407,2.082515
500,true,16,0.047249496,2.118341
500,true,16,0.047417555,2.09112
500,true,16,0.047243193,2.069087
500,true,16,0.04726228,2.083918
500,true,16,0.047266208,2.122858
750,true,16,0.15466003,6.936078
750,true,16,0.15346164,6.838545
750,true,16,0.15508011,6.937421
750,true,16,0.15432237,6.93266
750,true,16,0.1538911,6.933698
750,true,16,0.15471356,6.949629
750,true,16,0.15382682,6.918622
750,true,16,0.15384905,6.863508
750,true,16,0.15397078,6.916425
750,true,8,0.15341586,6.914594
750,true,8,0.30383673,8.863075
750,true,8,0.30560696,8.967568
750,true,8,0.30549386,8.95005
750,true,8,0.30407026,8.896279
750,true,8,0.30453974,8.920082
750,true,8,0.303845,8.859535
750,true,8,0.3060693,8.986122
750,true,8,0.30748215,9.023232
750,true,8,0.3042893,8.899757
750,true,12,0.30643612,8.920448
750,true,12,0.16907007,7.356671
750,true,12,0.17040992,7.298016
750,true,12,0.16997638,7.398358
750,true,12,0.16995597,7.320598
750,true,12,0.1704821,7.333356
750,true,12,0.16888246,7.297405
750,true,12,0.16927505,7.31059
750,true,12,0.16924343,7.33073
750,true,12,0.16963792,7.33836
750,true,14,0.16917054,7.363629
750,true,14,0.16223599,7.178387
750,true,14,0.16208091,7.143415
750,true,14,0.16184078,7.16502
750,true,14,0.16179694,7.152326
750,true,14,0.16246907,7.161236
750,true,14,0.16176742,7.165754
750,true,14,0.16250212,7.156292
750,true,14,0.16161443,7.144208
750,true,14,0.16211937,7.136579
750,true,15,0.16210836,7.155377
750,true,15,0.15898779,7.048932
750,true,15,0.15779476,7.030377
750,true,15,0.15869883,7.032087
750,true,15,0.15741646,6.962384
750,true,15,0.15791884,6.98863
750,true,15,0.1620839,7.256268
750,true,15,0.15780829,6.999677
750,true,15,0.15909934,7.055341
750,true,15,0.15855336,7.035748
750,true,15.540541,0.15759325,7.004621
750,true,15.540541,0.15364589,6.898847
750,true,15.540541,0.15362309,6.830061
750,true,15.540541,0.15421306,6.867536
750,true,15.540541,0.15531811,6.977155
750,true,15.540541,0.15399843,6.895124
750,true,15.540541,0.15495715,6.94029
750,true,15.540541,0.1540124,6.906537
750,true,15.540541,0.15393013,6.914289
750,true,15.540541,0.15403125,6.889997
750,true,15.929268,0.15460062,6.891096
750,true,15.929268,0.15413485,6.941144
750,true,15.929268,0.1537196,6.878645
750,true,15.929268,0.15454373,6.958051
750,true,15.929268,0.15488164,6.950543
750,true,15.929268,0.15531296,6.905928
750,true,15.929268,0.15428029,6.921246
750,true,15.929268,0.15473606,6.952192
750,true,15.929268,0.1538515,6.906904
750,true,15.929268,0.15439242,6.965497
750,true,15.615457,0.15475494,6.944685
750,true,15.615457,0.15409431,6.943646
750,true,15.615457,0.15323061,6.84654
750,true,15.615457,0.15511055,6.926924
750,true,15.615457,0.1537477,6.873395
750,true,15.615457,0.15437132,6.936262
750,true,15.615457,0.15302266,6.865522
750,true,15.615457,0.15389153,6.931073
750,true,15.615457,0.15347065,6.854963
750,true,15.615457,0.15424582,6.883894
750,true,15.345816,0.15408544,6.905377
750,true,15.345816,0.15762831,7.025007
750,true,15.345816,0.16448493,7.125226
750,true,15.345816,0.15691388,6.956281
750,true,15.345816,0.1573553,7.018964
750,true,15.345816,0.1582203,7.036847
750,true,15.345816,0.15861219,7.044538
750,true,15.345816,0.1581402,7.015729
750,true,15.345816,0.15807709,7.007123
750,true,15.345816,0.1584051,7.029645
750,true,15.586644,0.1571952,6.963056
750,true,15.586644,0.15357442,6.928815
750,true,15.586644,0.1549735,6.961225
750,true,15.586644,0.15456706,6.982404
750,true,15.586644,0.15415792,6.954328
750,true,15.586644,0.1540377,6.947675
750,true,15.586644,0.15439671,6.93675
750,true,15.586644,0.15367584,6.882123
750,true,15.586644,0.1548539,6.96385
750,true,15.586644,0.15572046,6.997418
750,true,15.80742,0.15590976,7.014631
750,true,15.80742,0.15548533,7.038495
750,true,15.80742,0.15540576,6.935956
750,true,15.80742,0.15429468,6.94145
750,true,15.80742,0.15495859,6.893659
750,true,15.80742,0.15471017,6.979413
750,true,15.80742,0.15451267,6.923505
750,true,15.80742,0.15415473,6.873579
750,true,15.80742,0.15444523,6.953962
750,true,15.80742,0.15465504,6.952985
750,true,16,0.15466914,6.913739
750,true,16,0.15510981,6.932478
750,true,16,0.15498686,6.973371
750,true,16,0.15470108,6.931439
750,true,16,0.15426312,6.930464
750,true,16,0.15348889,6.908734
750,true,16,0.15387417,6.919233
750,true,16,0.1540726,6.916364
750,true,16,0.15463091,6.960126
750,true,16,0.1690265,7.386883
750,true,15.804785,0.15691833,7.08006
750,true,15.804785,0.15368567,6.915388
750,true,15.804785,0.15419358,6.934247
750,true,15.804785,0.15398648,6.931745
750,true,15.804785,0.15446341,6.899885
750,true,15.804785,0.1551193,6.984601
750,true,15.804785,0.15447621,6.890119
750,true,15.804785,0.15425715,6.952192
750,true,15.804785,0.15443878,6.918928
750,true,15.804785,0.15354663,6.88786
750,true,15.618014,0.15353878,6.89842
750,true,15.618014,0.15370423,6.911298
750,true,15.618014,0.1542633,6.935591
750,true,15.618014,0.15408935,6.957013
750,true,15.618014,0.15394989,6.915815
750,true,15.618014,0.15475532,6.990338
750,true,15.618014,0.15395856,6.886641
750,true,15.618014,0.15470551,6.940472
750,true,15.618014,0.15409027,6.952864
750,true,15.618014,0.1544528,6.933637
750,true,15.798161,0.15494882,6.899152
750,true,15.798161,0.1552007,6.954755
750,true,15.798161,0.15409899,6.923261
750,true,15.798161,0.15423167,6.944745
750,true,15.798161,0.15411122,6.898725
750,true,15.798161,0.15475145,6.985212
750,true,15.798161,0.1542264,6.91673
750,true,15.798161,0.15371066,6.905622
750,true,15.798161,0.15399416,6.905317
750,true,15.798161,0.15435195,6.932661
750,true,15.973035,0.15508772,6.936323
750,true,15.973035,0.15399815,6.935224
750,true,15.973035,0.15469834,6.94267
750,true,15.973035,0.15448684,6.93559
750,true,15.973035,0.15373638,6.904645
750,true,15.973035,0.15423293,6.911726
750,true,15.973035,0.15439406,6.964887
750,true,15.973035,0.15456755,6.927533
750,true,15.973035,0.15426977,6.94438
750,true,15.973035,0.15426284,6.932599
750,true,15.802404,0.1541527,6.903974
750,true,15.802404,0.15484631,6.948774
750,true,15.802404,0.15371312,6.938092
750,true,15.802404,0.15495197,6.96684
750,true,15.802404,0.15565558,6.987592
750,true,15.802404,0.1546488,6.974165
750,true,15.802404,0.15449752,6.945539
750,true,15.802404,0.15391073,6.932294
750,true,15.802404,0.1539083,6.935346
750,true,15.802404,0.15444508,6.924604
750,true,15.969585,0.15510656,6.949262
750,true,15.969585,0.15422367,6.920331
750,true,15.969585,0.15358317,6.92027
750,true,15.969585,0.15380225,6.903242
750,true,15.969585,0.15347677,6.901899
750,true,15.969585,0.15410107,6.965375
750,true,15.969585,0.15506947,6.96214
750,true,15.969585,0.15605721,7.038984
750,true,15.969585,0.15437727,6.93559
750,true,15.969585,0.15394208,6.936079
750,true,15.805228,0.1572914,7.043316
750,true,15.805228,0.15439904,6.948835
750,true,15.805228,0.15461431,6.946577
750,true,15.805228,0.15545748,6.96098
750,true,15.805228,0.15451936,6.970808
750,true,15.805228,0.15529647,6.999921
750,true,15.805228,0.15380646,6.938153
750,true,15.805228,0.15505907,6.955244
750,true,15.805228,0.15441293,6.964826
750,true,15.805228,0.15464851,6.935956
750,true,15.967259,0.15464632,6.967267
750,true,15.967259,0.15410525,6.931074
750,true,15.967259,0.15523508,6.975812
750,true,15.967259,0.16151221,7.446453
750,true,15.967259,0.16235103,7.407208
750,true,15.967259,0.15948507,7.250042
750,true,15.967259,0.15539683,6.970197
750,true,15.967259,0.15501952,6.996259
750,true,15.967259,0.15928636,7.242658
750,true,15.967259,0.15368143,6.904157
750,true,15.807155,0.153661,6.954328
1000,true,15.807155,0.42648757,18.64839
1000,true,15.807155,0.42073047,18.512833
1000,true,15.807155,0.42257568,18.544691
1000,true,15.807155,0.42503938,18.639051
1000,true,15.807155,0.42418566,18.573988
1000,true,15.807155,0.42156088,18.558727
1000,true,15.807155,0.42376536,18.566298
1000,true,15.807155,0.42057863,18.55232
1000,true,15.807155,0.42341325,18.631422
1000,true,7.8071547,0.42063335,18.494156
1000,true,7.8071547,0.86660403,24.233397
1000,true,7.8071547,0.8444233,23.980103
1000,true,7.8071547,0.83891755,23.947329
1000,true,7.8071547,0.8378627,23.945435
1000,true,7.8071547,0.8413944,24.102537
1000,true,7.8071547,0.8414981,23.995422
1000,true,7.8071547,0.841916,23.97174
1000,true,7.8071547,0.837198,23.901611
1000,true,7.8071547,0.846955,23.963196
1000,true,11.807155,0.84090894,23.974672
1000,true,11.807155,0.43433127,18.720411
1000,true,11.807155,0.43726674,18.799452
1000,true,11.807155,0.43070415,18.576736
1000,true,11.807155,0.43579373,18.74043
1000,true,11.807155,0.43304265,18.696974
1000,true,11.807155,0.44340464,19.493967
1000,true,11.807155,0.4600513,20.608467
1000,true,11.807155,0.4432273,19.530527
1000,true,11.807155,0.4354496,18.788527
1000,true,13.807155,0.43498862,18.714369
1000,true,13.807155,0.43388337,19.107187
1000,true,13.807155,0.42932078,18.69203
1000,true,13.807155,0.42504814,18.626478
1000,true,13.807155,0.42475605,18.593763
1000,true,13.807155,0.42862666,18.744093
1000,true,13.807155,0.4265107,18.627272
1000,true,13.807155,0.42766947,18.749098
1000,true,13.807155,0.4249608,18.592665
1000,true,13.807155,0.42888975,18.73152
1000,true,14.807155,0.43096182,18.769789
1000,true,14.807155,0.4235261,18.562576
1000,true,14.807155,0.42498088,18.61128
1000,true,14.807155,0.4269487,18.61775
1000,true,14.807155,0.4260138,18.559156
1000,true,14.807155,0.43118382,18.627457
1000,true,14.807155,0.42447034,18.566969
1000,true,14.807155,0.42619857,18.625196
1000,true,14.807155,0.4260676,18.628553
1000,true,14.807155,0.42622006,18.642467
1000,true,15.347695,0.42804927,18.62599
1000,true,15.347695,0.4254465,18.561293
1000,true,15.347695,0.42577207,18.591503
1000,true,15.347695,0.42782053,18.627638
1000,true,15.347695,0.42370012,18.516798
1000,true,15.347695,0.42796656,18.680128
1000,true,15.347695,0.42626944,18.622084
1000,true,15.347695,0.42585716,18.611036
1000,true,15.347695,0.4276169,18.608597
1000,true,15.347695,0.42136893,18.44734
1000,true,15.736423,0.42801023,18.567093
1000,true,15.736423,0.42222765,18.50923
1000,true,15.736423,0.42605793,18.6584
1000,true,15.736423,0.42263806,18.635387
1000,true,15.736423,0.42283648,18.606153
1000,true,15.736423,0.4244276,18.592482
1000,true,15.736423,0.42420086,18.531202
1000,true,15.736423,0.4234161,18.508804
1000,true,15.736423,0.42278895,18.62666
1000,true,15.736423,0.42504758,18.769115
1000,true,16,0.42151704,18.531569
1000,true,16,0.4216999,18.495436
1000,true,16,0.42066967,18.451612
1000,true,16,0.4204523,18.48982
1000,true,16,0.423701,18.52516
1000,true,16,0.42293626,18.567823
1000,true,16,0.4272672,18.809278
1000,true,16,0.4261518,18.55348
1000,true,16,0.42144686,18.489391
1000,true,16,0.42719072,18.582472
1000,true,16,0.42227444,18.52742
1000,true,16,0.42323995,18.664867
1000,true,16,0.42283896,18.52052
1000,true,16,0.42214844,18.5605
1000,true,16,0.42170525,18.49678
1000,true,16,0.42117697,18.503248
1000,true,16,0.42410898,18.58644
1000,true,16,0.42069238,18.47328
1000,true,16,0.42191008,18.537428
1000,true,16,0.42341396,18.551344
1000,true,15.7591715,0.4217989,18.599989
1000,true,15.7591715,0.4229644,18.545364
1000,true,15.7591715,0.4217433,18.502638
1000,true,15.7591715,0.42191875,18.570995
1000,true,15.7591715,0.42214948,18.519545
1000,true,15.7591715,0.4232847,18.546705
1000,true,15.7591715,0.42216915,18.5594
1000,true,15.7591715,0.42553923,18.64302
1000,true,15.7591715,0.4210731,18.514418
1000,true,15.7591715,0.42244175,18.545424
1000,true,15.979947,0.41965672,18.470716
1000,true,15.979947,0.42175847,18.52693
1000,true,15.979947,0.4276701,18.981764
1000,true,15.979947,0.42455384,18.587536
1000,true,15.979947,0.42392966,18.633863
1000,true,15.979947,0.4215616,18.575026
1000,true,15.979947,0.42447165,18.58656
1000,true,15.979947,0.42135203,18.483656
1000,true,15.979947,0.4202081,18.477188
1000,true,15.979947,0.42275226,18.541027
1000,true,15.773765,0.42487648,18.617506
1000,true,15.773765,0.42900634,18.67958
1000,true,15.773765,0.4220128,18.512403
1000,true,15.773765,0.42213234,18.557325
1000,true,15.773765,0.42203987,18.537672
1000,true,15.773765,0.42786568,18.668472
1000,true,15.773765,0.42215788,18.562696
1000,true,15.773765,0.42153996,18.565382
1000,true,15.773765,0.42485136,18.677992
1000,true,15.773765,0.4243167,18.7386
1000,true,15.96898,0.4243492,18.59773
1000,true,15.96898,0.4230959,18.587904
1000,true,15.96898,0.42309308,18.57814
1000,true,15.96898,0.42630127,18.773144
1000,true,15.96898,0.41933733,18.477858
1000,true,15.96898,0.42507398,18.662428
1000,true,15.96898,0.42169583,18.53114
1000,true,15.96898,0.42545536,18.683607
1000,true,15.96898,0.42220575,18.543472
1000,true,15.96898,0.42591655,18.711683
1000,true,15.782209,0.43686262,19.717112
1000,true,15.782209,0.42898118,18.816847
1000,true,15.782209,0.42466053,18.664991
1000,true,15.782209,0.42304462,18.591444
1000,true,15.782209,0.42664137,18.7198
1000,true,15.782209,0.41990447,18.517532
1000,true,15.782209,0.42381045,18.612196
1000,true,15.782209,0.42016825,18.511185
1000,true,15.782209,0.41989374,18.503372
1000,true,15.782209,0.42034566,18.512344
1000,true,15.602063,0.4222637,18.599134
1000,true,15.602063,0.42647502,18.5959
1000,true,15.602063,0.4223025,18.622206
1000,true,15.602063,0.42107904,18.527111
1000,true,15.602063,0.42144695,18.599989
1000,true,15.602063,0.42327902,18.543104
1000,true,15.602063,0.42557657,18.630753
1000,true,15.602063,0.42356196,18.70149
1000,true,15.602063,0.42477423,18.602552
1000,true,15.602063,0.42220297,18.552137
1000,true,15.427189,0.42402583,18.590956
1000,true,15.427189,0.4279583,18.638258
1000,true,15.427189,0.42650628,18.636791
1000,true,15.427189,0.4218716,18.48262
1000,true,15.427189,0.42746505,18.68379
1000,true,15.427189,0.42441207,18.607496
1000,true,15.427189,0.42237768,18.55342
1000,true,15.427189,0.4274222,18.65547
1000,true,15.427189,0.42655146,18.659742
1000,true,15.427189,0.42428106,18.58876
1000,true,15.597819,0.42294872,18.55708
1000,true,15.597819,0.42478758,18.725475
1000,true,15.597819,0.4285884,18.753614
1000,true,15.597819,0.42236963,18.613785
1000,true,15.597819,0.42088574,18.66554
1000,true,15.597819,0.42039216,18.562208
1000,true,15.597819,0.42468295,18.662062
1000,true,15.597819,0.42842042,18.653885
1000,true,15.597819,0.4207558,18.633192
1000,true,15.597819,0.4217296,18.60127
1000,true,15.430638,0.42298126,18.689772
1000,true,15.430638,0.4273618,18.640028
1000,true,15.430638,0.4262053,18.630934
1000,true,15.430638,0.4303622,19.036144
1000,true,15.430638,0.43005684,18.816908
1000,true,15.430638,0.42697293,18.648024
1000,true,15.430638,0.4249963,18.6089
1000,true,15.430638,0.42674366,18.681835
1000,true,15.430638,0.42669255,18.607435
1000,true,15.430638,0.42430982,18.584852
1000,true,15.266281,0.42701992,18.658033
1000,true,15.266281,0.42514676,18.609144
1000,true,15.266281,0.4247583,18.595839
1000,true,15.266281,0.42293462,18.548172
1000,true,15.266281,0.42718136,18.614029
1000,true,15.266281,0.42668137,18.63429
1000,true,15.266281,0.4220155,18.519117
1000,true,15.266281,0.42481703,18.60829
1000,true,15.266281,0.42166024,18.51344
1000,true,15.266281,0.42408818,18.611586
1000,true,15.10425,0.42526922,18.606764
1000,true,15.10425,0.42306912,18.548107
1000,true,15.10425,0.4280544,18.661207
1000,true,15.10425,0.4279248,18.645094
1000,true,15.10425,0.42400768,18.705765
1000,true,15.10425,0.4250274,18.638624
1000,true,15.10425,0.4284453,18.622206
1000,true,15.10425,0.42443666,18.602919
1000,true,15.10425,0.42381343,18.565504
1000,true,15.10425,0.4256953,18.6042
1000,true,15.264355,0.42369714,18.604568
1250,true,15.264355,0.9542,41.02492
1250,true,15.264355,0.95468336,40.95894
1250,true,15.264355,0.9530107,40.912373
1250,true,15.264355,0.95225114,40.919632
1250,true,15.264355,0.9523022,40.906082
1250,true,15.264355,0.9523882,40.873856
1250,true,15.264355,0.949394,40.913895
1250,true,15.264355,0.95169383,40.876175
1250,true,15.264355,0.9515797,40.79305
1250,true,7.2643547,0.9521306,40.856953
1250,true,7.2643547,1.8761129,52.37932
1250,true,7.2643547,1.8888178,52.63878
1250,true,7.2643547,1.8950229,52.5938
1250,true,7.2643547,1.8944249,52.400135
1250,true,7.2643547,1.884879,52.85936
1250,true,7.2643547,1.8977408,52.626755
1250,true,7.2643547,1.8748453,52.209095
1250,true,7.2643547,1.8741152,52.154835
1250,true,7.2643547,1.8775554,52.168995
1250,true,11.264355,1.9041331,52.552048
1250,true,11.264355,1.0523701,40.802567
1250,true,11.264355,1.0685723,42.007095
1250,true,11.264355,1.0529798,41.066055
1250,true,11.264355,1.0503796,40.91402
1250,true,11.264355,1.046227,40.7607
1250,true,11.264355,1.0532037,40.927143
1250,true,11.264355,1.0592383,41.30922
1250,true,11.264355,1.0514551,40.95845
1250,true,11.264355,1.0508657,40.91115
1250,true,13.264355,1.046404,40.82808
1250,true,13.264355,0.93534994,39.610188
1250,true,13.264355,0.95579076,39.82119
1250,true,13.264355,0.93224484,39.546528
1250,true,13.264355,0.92160046,39.395344
1250,true,13.264355,0.95716554,39.8738
1250,true,13.264355,0.9371258,39.633385
1250,true,13.264355,0.93060094,39.571617
1250,true,13.264355,0.93471795,39.617023
1250,true,13.264355,0.9313833,39.557457
1250,true,14.264355,0.9595271,40.318745
1250,true,14.264355,0.9356758,39.961323
1250,true,14.264355,0.9341887,39.940144
1250,true,14.264355,0.9312473,39.808735
1250,true,14.264355,0.9570717,40.27132
1250,true,14.264355,0.93773425,40.01235
1250,true,14.264355,0.9375633,40.056904
1250,true,14.264355,0.93293494,39.920795
1250,true,14.264355,0.934907,39.9764
1250,true,14.264355,0.94280034,40.11745
1250,true,13.723814,0.94181556,40.07845
1250,true,13.723814,0.93631977,40.04757
1250,true,13.723814,0.92903095,39.909443
1250,true,13.723814,0.94395846,40.112995
1250,true,13.723814,0.93655294,40.028522
1250,true,13.723814,0.9377344,40.0754
1250,true,13.723814,0.9381545,40.04073
1250,true,13.723814,0.93453115,40.002583
1250,true,13.723814,0.9362811,40.02492
1250,true,13.723814,0.93547106,40.069904
1250,true,14.112541,0.9319485,39.944416
1250,true,14.112541,0.9407574,40.177998
1250,true,14.112541,0.9424692,40.17214
1250,true,14.112541,0.93984413,40.138935
1250,true,14.112541,0.9335871,39.970356
1250,true,14.112541,0.94282013,40.20119
1250,true,14.112541,0.99367964,43.61311
1250,true,14.112541,1.0120685,44.630623
1250,true,14.112541,0.9792957,42.37935
1250,true,14.112541,0.93350774,40.072773
1250,true,13.79873,0.9354514,40.096027
1250,true,13.79873,1.0022167,43.43696
1250,true,13.79873,0.9731295,41.905594
1250,true,13.79873,0.94763315,40.650105
1250,true,13.79873,0.937188,40.128494
1250,true,13.79873,0.9438319,40.22304
1250,true,13.79873,0.9385644,40.21224
1250,true,13.79873,0.94621825,40.24587
1250,true,13.79873,0.93644565,40.100178
1250,true,13.79873,0.9422308,40.164997
1250,true,14.068371,0.94306546,40.233723
1250,true,14.068371,0.9470482,40.34981
1250,true,14.068371,0.93639153,40.14748
1250,true,14.068371,0.93668526,40.09377
1250,true,14.068371,0.93631035,40.104145
1250,true,14.068371,0.95576376,41.075943
1250,true,14.068371,0.9441004,40.30379
1250,true,14.068371,0.9348351,40.054096
1250,true,14.068371,0.9358804,40.149677
1250,true,14.068371,0.9369551,40.134235
1250,true,14.309199,0.9352051,40.10677
1250,true,14.309199,0.93578726,40.077717
1250,true,14.309199,0.9363314,40.09713
1250,true,14.309199,0.9364533,40.09377
1250,true,14.309199,0.9467006,40.328205
1250,true,14.309199,0.9363678,40.10976
1250,true,14.309199,0.93716687,40.1462
1250,true,14.309199,0.9418944,40.205647
1250,true,14.309199,0.9362492,40.114887
1250,true,14.309199,0.93517274,40.081993
1250,true,14.529975,0.93428123,40.068073
1250,true,14.529975,0.9479323,40.732807
1250,true,14.529975,0.9518704,40.727554
1250,true,14.529975,0.95239663,40.75923
1250,true,14.529975,0.9592865,41.20229
1250,true,14.529975,0.95229936,40.788105
1250,true,14.529975,0.9519816,40.720356
1250,true,14.529975,0.95408845,40.81551
1250,true,14.529975,0.95126134,40.700455
1250,true,14.529975,0.95034707,40.705097
1250,true,14.323792,0.9520968,40.761616
1250,true,14.323792,0.93294275,40.062763
1250,true,14.323792,0.9436015,40.27803
1250,true,14.323792,0.9431689,40.255756
1250,true,14.323792,0.93562216,40.13686
1250,true,14.323792,0.9473664,40.328026
1250,true,14.323792,0.9412667,40.27236
1250,true,14.323792,0.9329614,40.071003
1250,true,14.323792,0.9385919,40.163715
1250,true,14.323792,0.9389527,40.198265
1250,true,14.128577,0.9314757,40.03548
1250,true,14.128577,0.9402934,40.266376
1250,true,14.128577,0.93303835,40.067097
1250,true,14.128577,0.94007236,40.21169
1250,true,14.128577,0.94345397,40.3185
1250,true,14.128577,0.9439572,40.266376
1250,true,14.128577,0.93805254,40.25417
1250,true,14.128577,0.93630624,40.151936
1250,true,14.128577,0.93940103,40.27535
1250,true,14.128577,0.9414161,40.24129
1250,true,14.315348,0.93973,40.259415
1250,true,14.315348,0.9329593,40.075092
1250,true,14.315348,0.9434443,40.298664
1250,true,14.315348,0.9363625,40.16042
1250,true,14.315348,0.9419833,40.251423
1250,true,14.315348,0.9349001,40.226704
1250,true,14.315348,0.9460056,40.660416
1250,true,14.315348,0.945971,40.4092
1250,true,14.315348,0.9360666,40.163895
1250,true,14.315348,0.9351673,40.14858
1250,true,14.495494,0.9413435,40.279804
1250,true,14.495494,0.94323486,40.2867
1250,true,14.495494,0.944128,40.29488
1250,true,14.495494,0.9370755,40.13991
1250,true,14.495494,0.94724596,40.36788
1250,true,14.495494,0.93128705,40.02657
1250,true,14.495494,0.9445128,40.340168
1250,true,14.495494,0.94491595,40.328083
1250,true,14.495494,0.9398603,40.213154
1250,true,14.495494,0.96948135,41.540604
1250,true,14.32062,0.94430244,40.588276
1250,true,14.32062,0.93855405,40.323933
1250,true,14.32062,0.9407131,40.242393
1250,true,14.32062,0.93683076,40.18709
1250,true,14.32062,0.93648744,40.14284
1250,true,14.32062,0.93982553,40.258015
1250,true,14.32062,0.93648934,40.19472
1250,true,14.32062,0.93234825,40.09206
1250,true,14.32062,0.95661247,40.458454
1250,true,14.32062,0.9382958,40.1852
1250,true,14.149989,0.94417465,40.319904
1250,true,14.149989,0.9366736,40.157246
1250,true,14.149989,0.93763304,40.206623
1250,true,14.149989,0.9371336,40.211018
1250,true,14.149989,0.9460005,40.34511
1250,true,14.149989,0.9336828,40.11672
1250,true,14.149989,0.93314487,40.11153
1250,true,14.149989,0.9428816,40.283833
1250,true,14.149989,0.9483284,40.734634
1250,true,14.149989,0.9396992,40.22994
1250,true,13.982808,0.9320986,40.064167
1250,true,13.982808,0.9372794,40.21169
1250,true,13.982808,0.9429673,40.306904
1250,true,13.982808,0.9560639,40.418903
1250,true,13.982808,0.93530554,40.159016
1250,true,13.982808,0.9431626,40.295975
1250,true,13.982808,0.960189,40.57314
1250,true,13.982808,0.93682903,40.17879
1250,true,13.982808,0.9433385,40.323627
1250,true,13.982808,0.93107563,40.048664
1250,true,14.147165,0.93261147,40.09963
1250,true,14.147165,0.94273216,40.305256
1250,true,14.147165,0.93613285,40.185993
1250,true,14.147165,0.94277596,40.28249
1250,true,14.147165,0.93843853,40.224262
1250,true,14.147165,0.94085455,40.27004
1250,true,14.147165,0.937646,40.226826
1250,true,14.147165,0.93980503,40.253986
1250,true,14.147165,0.93256074,40.09865
1250,true,14.147165,0.94642174,40.33034
1250,true,14.309196,0.9437495,40.279316
1250,true,14.309196,0.93684846,40.235065
1250,true,14.309196,0.94339836,40.29592
1250,true,14.309196,0.93568456,40.151997
1250,true,14.309196,0.93878245,40.29689
1250,true,14.309196,0.9424358,40.32015
1250,true,14.309196,0.9351521,40.15725
1250,true,14.309196,0.94289285,40.292255
1250,true,14.309196,0.93522155,40.214558
1250,true,14.309196,0.9377084,40.295612
1250,true,14.149092,0.9531682,40.848957
1500,true,14.149092,1.9306915,80.17075
1500,true,14.149092,1.9192052,80.16636
1500,true,14.149092,1.9618716,80.790504
1500,true,14.149092,1.9248856,80.25797
1500,true,14.149092,1.9221394,80.1995
1500,true,14.149092,1.9216044,80.42478
1500,true,14.149092,1.9065433,80.53043
1500,true,14.149092,1.9195998,80.1428
1500,true,14.149092,1.9328988,80.314674
1500,true,6.1490917,1.9215925,80.11869
1500,true,6.1490917,3.7032387,101.53685
1500,true,6.1490917,3.804468,103.07365
1500,true,6.1490917,4.0989933,110.63033
1500,true,6.1490917,3.8123457,102.74229
1500,true,6.1490917,3.8226538,102.669044
1500,true,6.1490917,3.7076716,100.89299
1500,true,6.1490917,3.816504,102.09049
1500,true,6.1490917,4.0188727,104.701515
1500,true,6.1490917,3.7891517,101.25609
1500,true,10.149092,3.8240495,101.74443
1500,true,10.149092,2.5288281,87.146805
1500,true,10.149092,2.5255203,86.75631
1500,true,10.149092,2.5363107,87.19021
1500,true,10.149092,2.5285625,86.8066
1500,true,10.149092,2.5217001,86.50582
1500,true,10.149092,2.5307722,87.28158
1500,true,10.149092,2.526411,86.8511
1500,true,10.149092,2.5252104,86.83553
1500,true,10.149092,3.0589569,92.95185
1500,true,12.149092,2.5271645,86.867455
1500,true,12.149092,1.8616979,75.246574
1500,true,12.149092,1.8651268,75.38463
1500,true,12.149092,1.7991052,74.49792
1500,true,12.149092,1.8026214,74.833725
1500,true,12.149092,1.8163221,74.82659
1500,true,12.149092,1.8673666,75.58531
1500,true,12.149092,1.8625944,75.478874
1500,true,12.149092,1.8150823,74.77984
1500,true,12.149092,1.9839005,77.107895
1500,true,13.149092,1.878576,76.25511
1500,true,13.149092,1.8888822,77.28343
1500,true,13.149092,1.8917463,77.28581
1500,true,13.149092,1.8513944,76.71129
1500,true,13.149092,1.8930845,77.39018
1500,true,13.149092,1.9714572,78.434
1500,true,13.149092,1.972892,78.398415
1500,true,13.149092,1.893251,77.413315
1500,true,13.149092,1.8895559,77.349655
1500,true,13.149092,1.8602912,77.333115
1500,true,12.608551,1.893971,77.43254
1500,true,12.608551,1.8894067,77.38341
1500,true,12.608551,1.8949947,77.53197
1500,true,12.608551,1.9716847,78.51909
1500,true,12.608551,1.8928808,77.508286
1500,true,12.608551,1.8952456,77.59721
1500,true,12.608551,1.9086058,78.32579
1500,true,12.608551,1.8903537,77.5078
1500,true,12.608551,1.8913283,77.528854
1500,true,12.608551,1.9012568,77.60368
1500,true,12.997278,1.8485312,76.94243
1500,true,12.997278,1.8553846,77.08513
1500,true,12.997278,1.8897624,77.56206
1500,true,12.997278,1.8935302,77.634445
1500,true,12.997278,1.8914038,77.599655
1500,true,12.997278,1.9025319,78.1071
1500,true,12.997278,1.8837552,77.408195
1500,true,12.997278,1.8892463,77.54271
1500,true,12.997278,1.8486516,76.94121
1500,true,12.997278,1.8941324,77.757675
1500,true,12.683467,1.8938618,77.71031
1500,true,12.683467,1.8888813,77.67815
1500,true,12.683467,1.8925076,77.73845
1500,true,12.683467,1.8844404,77.63048
1500,true,12.683467,1.8942428,77.76897
1500,true,12.683467,1.978408,78.91636
1500,true,12.683467,1.8882456,77.6375
1500,true,12.683467,1.8882551,77.65233
1500,true,12.683467,1.949106,83.11716
1500,true,12.683467,1.9553461,82.17081
1500,true,12.953108,1.8868105,77.63188
1500,true,12.953108,1.9024112,78.29265
1500,true,12.953108,1.9541433,82.12845
1500,true,12.953108,1.971783,78.94035
1500,true,12.953108,1.8901916,77.7476
1500,true,12.953108,1.8853897,77.76109
1500,true,12.953108,1.9057059,77.95061
1500,true,12.953108,1.9717467,78.8093
1500,true,12.953108,1.9103532,78.86173
1500,true,12.953108,1.8934404,77.83519
1500,true,12.712279,1.8997333,77.7946
1500,true,12.712279,1.8940635,77.86162
1500,true,12.712279,1.8910108,77.81315
1500,true,12.712279,1.8506573,77.16411
1500,true,12.712279,1.8911798,77.765854
1500,true,12.712279,1.8913082,77.83098
1500,true,12.712279,1.8534452,77.35472
1500,true,12.712279,1.9033954,78.49321
1500,true,12.712279,1.8527234,77.369736
1500,true,12.712279,1.8923198,77.896835
1500,true,12.491504,1.9015331,77.96086
1500,true,12.491504,1.8569927,76.02641
1500,true,12.491504,1.8657148,76.191696
1500,true,12.491504,1.861629,76.18328
1500,true,12.491504,1.8644209,76.17955
1500,true,12.491504,1.9850923,77.73143
1500,true,12.491504,1.8654941,76.19659
1500,true,12.491504,1.990725,77.74449
1500,true,12.491504,1.7923876,75.08202
1500,true,12.491504,1.8616056,76.08312
1500,true,12.285321,1.8695896,76.241745
1500,true,12.285321,1.8639494,76.14257
1500,true,12.285321,1.8578374,75.99456
1500,true,12.285321,1.8048887,75.62713
1500,true,12.285321,1.8554832,75.906784
1500,true,12.285321,1.985121,77.746445
1500,true,12.285321,1.8646958,76.11736
1500,true,12.285321,1.7943261,75.18481
1500,true,12.285321,1.8648577,76.0808
1500,true,12.285321,1.7967774,75.29595
1500,true,12.090106,1.9871955,78.36961
1500,true,12.090106,1.8661581,76.190544
1500,true,12.090106,1.8731511,76.503716
1500,true,12.090106,1.86934,76.10436
1500,true,12.090106,1.8630095,76.19701
1500,true,12.090106,1.8693888,76.1032
1500,true,12.090106,1.8610166,76.07475
1500,true,12.090106,1.8643025,76.18194
1500,true,12.090106,1.7958059,75.233635
1500,true,12.090106,1.8658895,76.604965
1500,true,12.276876,1.9849143,77.85393
1500,true,12.276876,1.8669779,76.264206
1500,true,12.276876,1.8638427,76.10619
1500,true,12.276876,1.8606589,76.1195
1500,true,12.276876,1.8319346,75.691574
1500,true,12.276876,1.9773129,77.79875
1500,true,12.276876,1.8619585,76.13866
1500,true,12.276876,1.7965269,75.28215
1500,true,12.276876,1.8677506,76.16502
1500,true,12.276876,1.8623841,76.1873
1500,true,12.457023,1.863241,76.00475
1500,true,12.457023,1.8631122,76.20336
1500,true,12.457023,1.8658807,76.22551
1500,true,12.457023,1.8703599,76.236374
1500,true,12.457023,1.8656656,76.20733
1500,true,12.457023,1.8098967,75.83825
1500,true,12.457023,1.8621124,76.07512
1500,true,12.457023,1.8599863,76.34203
1500,true,12.457023,1.8618972,76.27892
1500,true,12.457023,1.863064,76.16435
1500,true,12.282148,1.7943649,75.26989
1500,true,12.282148,1.8603432,76.379265
1500,true,12.282148,1.8616493,77.07994
1500,true,12.282148,1.8442116,76.144035
1500,true,12.282148,1.8551241,76.110214
1500,true,12.282148,1.8636343,76.08537
1500,true,12.282148,1.8654505,76.273
1500,true,12.282148,1.8631339,76.11376
1500,true,12.282148,1.858696,76.10838
1500,true,12.282148,1.7941115,75.09612
1500,true,12.111518,1.8710967,76.368576
1500,true,12.111518,1.8824098,76.958725
1500,true,12.111518,1.8621562,76.16906
1500,true,12.111518,2.009383,82.00864
1500,true,12.111518,1.8631685,76.16014
1500,true,12.111518,1.8653839,76.146355
1500,true,12.111518,1.8617834,76.28526
1500,true,12.111518,1.8771101,76.48094
1500,true,12.111518,1.8628571,76.30547
1500,true,12.111518,1.7947009,75.35998
1500,true,12.278699,1.79687,75.24493
1500,true,12.278699,1.8606231,76.18346
1500,true,12.278699,1.8597931,76.27087
1500,true,12.278699,1.7975078,75.455864
1500,true,12.278699,1.8629147,76.30285
1500,true,12.278699,1.864887,76.29082
1500,true,12.278699,1.8615445,75.8828
1500,true,12.278699,1.9827905,78.29448
1500,true,12.278699,1.7970154,75.40325
1500,true,12.278699,1.8709142,76.3065
1500,true,12.443056,1.8583081,76.2072
1500,true,12.443056,1.8727307,76.43211
1500,true,12.443056,1.8621564,76.26488
1500,true,12.443056,1.8632853,76.281296
1500,true,12.443056,1.8757586,77.26286
1500,true,12.443056,1.8358352,76.19139
1500,true,12.443056,1.861491,76.25731
1500,true,12.443056,1.8666034,76.36346
1500,true,12.443056,1.8219725,75.62108
1500,true,12.443056,1.8269196,75.87602
1500,true,12.281025,1.8647903,76.36242
1500,true,12.281025,1.8634915,76.10259
1500,true,12.281025,1.9860265,77.94365
1500,true,12.281025,1.8675447,76.68089
1500,true,12.281025,1.7955416,75.26757
1500,true,12.281025,1.7945206,75.195305
1500,true,12.281025,1.8592854,76.14556
1500,true,12.281025,1.8706628,76.47978
1500,true,12.281025,1.8724601,76.362785
1500,true,12.281025,1.7945617,75.37548
1500,true,12.44113,1.9886603,78.067726
