size,pin,threads,runtime,usertime,energy
800,false,16,0.19634847,3.05291648,8.53684300
800,false,16,0.19520573,3.06193503,8.50443300
800,false,16,0.19526661,3.06186775,8.48410900
800,false,16,0.19505669,3.05985645,8.50156500
800,false,16,0.19510796,3.06234259,8.50937700
800,false,16,0.19521636,3.06418419,8.51218500
800,false,16,0.19520229,3.06228555,8.50242000
800,false,16,0.19502033,3.06005113,8.49997800
800,false,16,0.19518344,3.06157580,8.49765900
800,false,16,0.19502206,3.06231313,8.52958000
800,false,16,0.19505016,3.06175286,8.50821800
800,false,16,0.19472471,3.06226284,8.48404900
800,false,16,0.19473991,3.05922610,8.48392600
800,false,16,0.20023710,3.06309621,8.93198400
800,false,16,0.19491641,3.06609870,8.52500300
800,false,16,0.19488754,3.06019791,8.50602100
800,false,16,0.19472663,3.06167271,8.48533000
800,false,16,0.19522342,3.06395881,8.48813700
800,false,16,0.19525291,3.06269801,8.51712900
800,false,16,0.19497158,3.06278054,8.50687500
800,false,8,0.24367436,1.92407111,9.70279500
800,false,8,0.23089030,1.79739581,9.53659700
800,false,8,0.22666597,1.79684730,9.43814700
800,false,8,0.22653804,1.79636119,9.43552200
800,false,8,0.22647533,1.79678378,9.45664100
800,false,8,0.22645432,1.79675809,9.47183800
800,false,8,0.22626938,1.79666829,9.45041600
800,false,8,0.22655789,1.79718937,9.45590800
800,false,8,0.22664106,1.79680155,9.44065000
800,false,8,0.22649315,1.79658114,9.46964100
800,false,8,0.22649462,1.79680405,9.43552300
800,false,8,0.22654224,1.79650974,9.44034500
800,false,8,0.22666762,1.79706220,9.47287600
800,false,8,0.22651382,1.79680027,9.44370100
800,false,8,0.22668350,1.79652194,9.43497300
800,false,8,0.22672409,1.79674126,9.45017100
800,false,8,0.22667028,1.79661803,9.46335500
800,false,8,0.22670361,1.79688658,9.46964100
800,false,8,0.22640128,1.79606950,9.43839100
800,false,8,0.22662017,1.79668770,9.45114800
800,false,12,0.20971796,2.47920878,9.00406700
800,false,12,0.20974005,2.48039704,9.01700500
800,false,12,0.20950737,2.47842544,9.01200100
800,false,12,0.20997389,2.47762073,9.02207200
800,false,12,0.21008815,2.48009858,9.01908100
800,false,12,0.20930777,2.47775646,9.00638600
800,false,12,0.20901870,2.47698043,8.98319200
800,false,12,0.20951975,2.47997814,8.91867900
800,false,12,0.20914552,2.47803767,9.01468700
800,false,12,0.20950743,2.47901282,8.99601000
800,false,12,0.20989762,2.47952272,9.00583600
800,false,12,0.20959352,2.47781926,8.98990600
800,false,12,0.20938734,2.47761484,9.01328300
800,false,12,0.20959353,2.47889384,9.00504300
800,false,12,0.20912156,2.47744373,9.00284500
800,false,12,0.20891754,2.47651426,9.01615100
800,false,12,0.20884976,2.47568497,8.98581700
800,false,12,0.20966952,2.47827417,8.99167600
800,false,12,0.20932033,2.47902793,9.00528700
800,false,12,0.20959772,2.47828330,9.00168600
800,false,14,0.20350140,2.78856319,8.78098400
800,false,14,0.20230793,2.78032968,8.68875900
800,false,14,0.20242425,2.77916534,8.69254400
800,false,14,0.20220299,2.78070929,8.74247100
800,false,14,0.20211269,2.78008171,8.72074200
800,false,14,0.20225499,2.78099197,8.75479900
800,false,14,0.20211847,2.78155717,8.69364200
800,false,14,0.20239327,2.78143440,8.71799500
800,false,14,0.20247070,2.78118968,8.74442300
800,false,14,0.20225193,2.78785339,8.83646500
800,false,14,0.20209815,2.78374325,8.82474500
800,false,14,0.20244576,2.78124493,8.70487300
800,false,14,0.20216189,2.78029101,8.77860300
800,false,14,0.20209053,2.77945641,8.75187000
800,false,14,0.20226870,2.78000948,8.78922300
800,false,14,0.20197279,2.77963139,8.70719200
800,false,14,0.20393001,2.77908623,8.82053400
800,false,14,0.20246700,2.78013451,8.80729000
800,false,14,0.20200560,2.77768580,8.77036300
800,false,14,0.20215625,2.78071448,8.73593900
800,false,15,0.19821163,2.91683901,8.65848600
800,false,15,0.19847592,2.92187767,8.67112000
800,false,15,0.19927936,2.92200387,8.68155800
800,false,15,0.19818937,2.92140407,8.67447800
800,false,15,0.19833999,2.92232423,8.65854700
800,false,15,0.19878412,2.92323525,8.68845400
800,false,15,0.19912129,2.92383222,8.67282900
800,false,15,0.19849158,2.92337890,8.67533200
800,false,15,0.19832669,2.92187174,8.65421400
800,false,15,0.19826968,2.92130991,8.65219900
800,false,15,0.19820385,2.92324875,8.65830400
800,false,15,0.19823644,2.92162296,8.64890300
800,false,15,0.19820598,2.92234557,8.65604400
800,false,15,0.19806929,2.92070845,8.65024600
800,false,15,0.19845599,2.92233763,8.64847600
800,false,15,0.19832797,2.92573402,8.66764200
800,false,15,0.19800384,2.92348326,8.66202600
800,false,15,0.19791422,2.92109901,8.65433600
800,false,15,0.19814272,2.92139608,8.67459900
800,false,15,0.19834314,2.92105545,8.65262700
800,false,15.5,0.19546646,3.05213010,8.68113000
800,false,15.5,0.19533448,3.06244336,8.54654700
800,false,15.5,0.19524435,3.06148005,8.53006900
800,false,15.5,0.19508772,3.06028536,8.52274400
800,false,15.5,0.19536794,3.06258059,8.55106500
800,false,15.5,0.19490698,3.05997180,8.53745400
800,false,15.5,0.19495554,3.05753645,8.54441200
800,false,15.5,0.19481677,3.05911964,8.51029300
800,false,15.5,0.19512758,3.06243683,8.53965100
800,false,15.5,0.19518935,3.06309889,8.51755700
800,false,15.5,0.19480948,3.06036387,8.52616200
800,false,15.5,0.19497196,3.06193304,8.59592500
800,false,15.5,0.19498389,3.06213367,8.52256100
800,false,15.5,0.19514133,3.06176575,8.51584700
800,false,15.5,0.19534230,3.06457531,8.56369900
800,false,15.5,0.19534177,3.06238609,8.51944900
800,false,15.5,0.19549062,3.06135149,8.53147300
800,false,15.5,0.19510204,3.06123639,8.51597000
800,false,15.5,0.19509503,3.06284307,8.50913300
800,false,15.5,0.19523164,3.06042293,8.51981500
800,false,15.853553390593273,0.19542947,3.06291305,8.55796200
800,false,15.853553390593273,0.19475131,3.06215278,8.52128000
800,false,15.853553390593273,0.19541030,3.06331984,8.50986500
800,false,15.853553390593273,0.19499753,3.05988590,8.50809600
800,false,15.853553390593273,0.19493060,3.05963801,8.51517600
800,false,15.853553390593273,0.19516553,3.06156836,8.55753400
800,false,15.853553390593273,0.19496263,3.06402466,8.55466500
800,false,15.853553390593273,0.19515904,3.06222412,8.60746100
800,false,15.853553390593273,0.19509348,3.06183764,8.62906700
800,false,15.853553390593273,0.19501489,3.06039567,8.51975400
800,false,15.853553390593273,0.19508647,3.05789737,8.64927000
800,false,15.853553390593273,0.19504033,3.06046402,8.57895800
800,false,15.853553390593273,0.19496715,3.06169402,8.52305000
800,false,15.853553390593273,0.19520847,3.06170482,8.52274500
800,false,15.853553390593273,0.19505395,3.06008657,8.51078200
800,false,15.853553390593273,0.19488664,3.06279505,8.53147200
800,false,15.853553390593273,0.19521693,3.05975256,8.52854300
800,false,15.853553390593273,0.19508181,3.06213656,8.53281500
800,false,15.853553390593273,0.19509968,3.06136221,8.51114800
800,false,15.853553390593273,0.19511818,3.06288435,8.53043400
800,false,16,0.19473870,3.06104202,8.56192800
800,false,16,0.19508794,3.06028676,8.54703600
800,false,16,0.19500440,3.06169431,8.52115700
800,false,16,0.19500796,3.06134909,8.52683400
800,false,16,0.19498012,3.06101103,8.54599900
800,false,16,0.19524558,3.06291933,8.52976400
800,false,16,0.19502629,3.06087981,8.55832700
800,false,16,0.19514961,3.05916113,8.52475900
800,false,16,0.19493729,3.06227207,8.53580600
800,false,16,0.19508047,3.06056604,8.54728100
800,false,16,0.19509020,3.05961400,8.54264200
800,false,16,0.19539244,3.06130763,8.52585700
800,false,16,0.19493352,3.06048895,8.54081000
800,false,16,0.19536734,3.06443523,8.58664800
800,false,16,0.20078828,3.05568261,9.00504300
800,false,16,0.19532140,3.06436647,8.61942400
800,false,16,0.19522195,3.05961598,8.58207100
800,false,16,0.19505709,3.06043613,8.53897900
800,false,16,0.19504797,3.06128675,8.55137000
800,false,16,0.19496388,3.05919346,8.52506300
800,false,16,0.19482555,3.05965619,8.56797100
800,false,16,0.19503813,3.06191880,8.54563200
800,false,16,0.19480954,3.05716435,8.53275500
800,false,16,0.19510560,3.06053277,8.59836700
800,false,16,0.19518204,3.05885320,8.55710700
800,false,16,0.19471695,3.05785185,8.54148200
800,false,16,0.19510822,3.06147557,8.53129000
800,false,16,0.19506655,3.06032048,8.55466600
800,false,16,0.19538409,3.06240761,8.52506300
800,false,16,0.19517436,3.06120929,8.59818300
800,false,16,0.19508360,3.06304896,8.62101000
800,false,16,0.19516765,3.05828372,8.55710700
800,false,16,0.19530510,3.06336285,8.53318100
800,false,16,0.19498800,3.05947149,8.58127600
800,false,16,0.19536295,3.06132893,8.53067900
800,false,16,0.19503237,3.06057812,8.57645500
800,false,16,0.19495965,3.05974147,8.56290600
800,false,16,0.19502152,3.06295532,8.59513200
800,false,16,0.19509021,3.06143772,8.56205100
800,false,16,0.19498327,3.06250707,8.56839900
800,false,16,0.19496292,3.06055382,8.53836900
800,false,16,0.19497397,3.05822266,8.57926300
800,false,16,0.19545129,3.06221476,8.57248800
800,false,16,0.19541675,3.06715866,8.61759300
800,false,16,0.19532637,3.06477825,8.58298600
800,false,16,0.19491769,3.06071660,8.54075000
800,false,16,0.19548704,3.06024598,8.52689500
800,false,16,0.19494706,3.06228451,8.58518300
800,false,16,0.19514610,3.05996517,8.50840100
800,false,16,0.19550468,3.06208575,8.52774900
800,false,16,0.19663150,3.06264657,8.59073800
800,false,16,0.19486242,3.05912177,8.55771700
800,false,16,0.19509094,3.06006529,8.62442800
800,false,16,0.19526278,3.05778381,8.51444400
800,false,16,0.19496493,3.06413300,8.56321100
800,false,16,0.19516910,3.06236248,8.57773700
800,false,16,0.19498968,3.05981098,8.52262200
800,false,16,0.19499095,3.06178603,8.54459500
800,false,16,0.19508756,3.06166395,8.56656700
800,false,16,0.19546810,3.06365544,8.60801100
850,false,16,0.23268700,3.65102122,10.32547400
850,false,16,0.23260326,3.65564306,10.32260600
850,false,16,0.23228604,3.65017168,10.33102800
850,false,16,0.23231475,3.64736442,10.32034700
850,false,16,0.23273072,3.66015171,10.32877000
850,false,16,0.23305508,3.66400677,10.35055900
850,false,16,0.23255241,3.65531611,10.33139400
850,false,16,0.23242557,3.65398762,10.30490500
850,false,16,0.23235171,3.65265749,10.30972700
850,false,16,0.23241444,3.65151391,10.31100900
850,false,16,0.23197461,3.64998686,10.30759000
850,false,16,0.23340946,3.65862630,10.39249100
850,false,16,0.23801473,3.68002214,10.57828100
850,false,16,0.23263475,3.65591124,10.34293000
850,false,16,0.23368940,3.66770085,10.44308900
850,false,16,0.23247197,3.64989382,10.32443600
850,false,16,0.23246220,3.65270181,10.29971800
850,false,16,0.23255374,3.65434269,10.31027700
850,false,16,0.23241743,3.64908463,10.31839400
850,false,16,0.23278555,3.66119922,10.34000100
850,false,16,0.23327981,3.66385376,10.36154600
850,false,16,0.23227452,3.65106702,10.31027700
850,false,16,0.23280939,3.65682002,10.34671400
850,false,16,0.23208132,3.64881629,10.30014400
850,false,16,0.23319430,3.66457229,10.35971500
850,false,16,0.23276346,3.66235282,10.34775200
850,false,16,0.23253920,3.65110009,10.30478400
850,false,16,0.23212248,3.65070115,10.31406100
850,false,16,0.23202844,3.65448324,10.32596200
850,false,16,0.23227630,3.64785405,10.30270800
850,false,16,0.23256540,3.64990049,10.32608400
850,false,16,0.23291564,3.64956160,10.31851600
850,false,16,0.23265533,3.65339529,10.34286900
850,false,16,0.23265650,3.65220113,10.32461900
850,false,16,0.23267696,3.65115181,10.30453900
850,false,16,0.23225112,3.64965894,10.30008400
850,false,16,0.23265635,3.65907572,10.33365200
850,false,16,0.23322073,3.66051427,10.35049800
850,false,16,0.23233509,3.64839117,10.29684900
850,false,16,0.23235301,3.65309131,10.33347000
850,false,16,0.23273735,3.65323076,10.32401000
850,false,16,0.23216702,3.65146631,10.28030800
850,false,16,0.23281534,3.65412150,10.30838400
850,false,16,0.23252241,3.65092071,10.28781500
850,false,16,0.23225359,3.65136680,10.30399000
850,false,16,0.23265112,3.65220469,10.30820100
850,false,16,0.23293512,3.65243583,10.32333800
850,false,16,0.23219686,3.65165064,10.29806900
850,false,16,0.23269528,3.65381058,10.30661400
850,false,16,0.23326823,3.65401389,10.32120100
850,false,16,0.23238987,3.64810915,10.30289100
850,false,16,0.23260036,3.65109655,10.33029500
850,false,16,0.23222153,3.65370214,10.32693900
850,false,16,0.23259984,3.65383196,10.31430500
850,false,16,0.23253087,3.66082206,10.31210700
850,false,16,0.23246995,3.65335230,10.31705100
850,false,16,0.23265762,3.65460778,10.29983900
850,false,16,0.23427556,3.67691024,10.40225600
850,false,16,0.23408438,3.67433378,10.37759800
850,false,16,0.23411941,3.67504741,10.36905300
850,false,16,0.23354468,3.67060989,10.35837200
850,false,16,0.23368988,3.67707321,10.39828900
850,false,16,0.23465275,3.67673067,10.41177800
850,false,16,0.23370031,3.67625991,10.35147500
850,false,16,0.23388431,3.67378582,10.35342800
850,false,16,0.23387665,3.67760090,10.37851300
850,false,16,0.23391572,3.67338936,10.36233900
850,false,16,0.23403582,3.67449574,10.35654000
850,false,16,0.23387022,3.67228959,10.35568600
850,false,16,0.23411776,3.67761770,10.37295900
850,false,16,0.24035982,3.70264119,10.87369000
850,false,16,0.24063346,3.73244547,10.88400600
850,false,16,0.23413963,3.68094747,10.37399700
850,false,16,0.23440038,3.67506702,10.41025100
850,false,16,0.23334847,3.67038246,10.35336700
850,false,16,0.23355032,3.66930507,10.35324500
850,false,16,0.23390137,3.67491960,10.35007200
850,false,16,0.23378231,3.67571099,10.34610400
850,false,16,0.23420666,3.67920796,10.38773000
850,false,16,0.23409772,3.67267229,10.35269600
850,false,16,0.23454080,3.67865283,10.37326400
850,false,16,0.23438762,3.67987222,10.42007900
850,false,16,0.23481430,3.68886728,10.43045400
850,false,16,0.23408955,3.67919333,10.38870600
850,false,16,0.23835603,3.67459235,10.65945800
850,false,16,0.23583748,3.69021466,10.44919200
850,false,16,0.23413295,3.67651485,10.37186100
850,false,16,0.23400913,3.67323503,10.36569600
850,false,16,0.23345753,3.67079164,10.36258400
850,false,16,0.23391726,3.67435762,10.34531100
850,false,16,0.23427979,3.67612976,10.36746600
850,false,16,0.23392530,3.67322060,10.34531000
850,false,16,0.23352004,3.67017852,10.32931900
850,false,16,0.23422342,3.67577256,10.38040500
850,false,16,0.23410384,3.67516345,10.36874800
850,false,16,0.23384569,3.67370409,10.35922600
850,false,16,0.23383336,3.67434500,10.32700000
850,false,16,0.23374062,3.67264258,10.33493500
850,false,16,0.23409609,3.67416452,10.35886000
850,false,16,0.23382601,3.67251391,10.36801600
850,false,16,0.23391602,3.67058502,10.34549400
850,false,16,0.23361009,3.67563560,10.33084500
850,false,16,0.23400401,3.67352542,10.34775200
850,false,16,0.23351299,3.67332803,10.33243200
850,false,16,0.23353716,3.67129340,10.33926800
850,false,16,0.23400863,3.67112972,10.35440500
850,false,16,0.23396674,3.67403912,10.33072400
850,false,16,0.23403693,3.67476769,10.38876800
850,false,16,0.23412948,3.67173929,10.36758800
850,false,16,0.23374076,3.67268320,10.35147500
850,false,16,0.23387235,3.67340953,10.35800600
850,false,16,0.23399536,3.67587294,10.36899200
850,false,16,0.23383397,3.66986581,10.36539100
850,false,16,0.23417191,3.67633000,10.36435300
850,false,16,0.23426029,3.67880215,10.38705800
850,false,16,0.23414611,3.67621002,10.33389700
850,false,16,0.23462524,3.67764540,10.36514600
850,false,16,0.23419723,3.67680950,10.36569700
850,false,16,0.23390531,3.67518290,10.35532100
850,false,16,0.23391542,3.67818644,10.36050800
850,false,16,0.23401056,3.67703966,10.33780300
850,false,16,0.23336614,3.66851909,10.33920700
850,false,16,0.23483975,3.68027664,10.40384300
850,false,16,0.23400929,3.67501579,10.37143400
850,false,16,0.23367317,3.67294589,10.35538100
850,false,16,0.23388869,3.67707028,10.33102800
850,false,16,0.23329407,3.67084874,10.33975600
850,false,16,0.23384024,3.67679727,10.33981700
850,false,16,0.23372684,3.67407856,10.35532000
850,false,16,0.23378467,3.67526620,10.33224900
850,false,16,0.23381951,3.67299971,10.35013200
850,false,16,0.23373261,3.67226237,10.35379400
850,false,16,0.23411343,3.67413967,10.35696800
850,false,16,0.23391382,3.67150158,10.33792500
850,false,16,0.23400291,3.67144054,10.35684600
850,false,16,0.23420730,3.67422511,10.35611400
850,false,16,0.23367757,3.67591973,10.36911400
850,false,16,0.23367042,3.67263647,10.35287900
850,false,16,0.23438241,3.67599157,10.35440500
850,false,16,0.23440302,3.67614913,10.37082300
850,false,16,0.23392569,3.67454349,10.35648000
850,false,16,0.23394557,3.67764487,10.34122100
850,false,16,0.23392653,3.67416338,10.35678500
850,false,16,0.23383274,3.67176627,10.35940900
850,false,16,0.23477128,3.67887811,10.40536900
850,false,16,0.23414238,3.67598200,10.34958300
850,false,16,0.23405858,3.67607129,10.34769100
850,false,16,0.23400187,3.68120903,10.37295900
850,false,16,0.23362459,3.67778697,10.36801600
850,false,16,0.23358619,3.67330918,10.32321500
850,false,16,0.23367560,3.67271380,10.33878000
850,false,16,0.23401867,3.67652175,10.35440500
850,false,16,0.23374225,3.67082256,10.35031600
850,false,16,0.23409812,3.67473620,10.36050800
850,false,16,0.23387772,3.67052306,10.36380400
850,false,16,0.23397747,3.67608626,10.32358200
850,false,16,0.23403612,3.67237983,10.34439500
850,false,16,0.23429333,3.67446618,10.34537100
850,false,16,0.23402959,3.67127388,10.35660200
850,false,16,0.23414833,3.67688186,10.36502500
850,false,16,0.23386697,3.67916135,10.35165800
850,false,16,0.23385467,3.67585408,10.32815900
850,false,16,0.23420189,3.67610217,10.36252200
850,false,16,0.23358135,3.67243378,10.35556400
850,false,16,0.23415548,3.67231331,10.34012300
850,false,16,0.23382860,3.67454312,10.35782300
850,false,16,0.23413418,3.67639283,10.36716100
850,false,16,0.23464411,3.67349704,10.35666300
850,false,16,0.23436331,3.67827339,10.36734400
850,false,16,0.23390976,3.67644094,10.33499500
850,false,16,0.23429078,3.67571002,10.35379400
850,false,16,0.23388407,3.67455463,10.35538100
850,false,16,0.23441111,3.67935277,10.35416000
850,false,16,0.23397322,3.67419420,10.36240000
850,false,16,0.23412156,3.67815322,10.37100600
850,false,16,0.23411433,3.67582075,10.36978500
850,false,16,0.23381789,3.67367620,10.36606300
850,false,16,0.23396925,3.68249246,10.40689500
850,false,16,0.23414002,3.68263458,10.38626500
850,false,16,0.23415360,3.67703762,10.35165800
850,false,16,0.23409195,3.67549013,10.34958300
850,false,16,0.23340143,3.67439873,10.35568700
850,false,16,0.23455514,3.67719130,10.35116900
850,false,16,0.23425570,3.67713466,10.37711000
850,false,16,0.23406208,3.67668935,10.36319400
850,false,16,0.23386522,3.67673767,10.33438500
850,false,16,0.23385584,3.67209432,10.36282700
850,false,16,0.23412512,3.67625433,10.35318400
850,false,16,0.23384960,3.67206988,10.34329600
850,false,16,0.23437233,3.67610617,10.37448500
850,false,16,0.23361467,3.66977510,10.35916500
850,false,16,0.23414063,3.67467024,10.35678500
850,false,16,0.23347083,3.67186645,10.34421100
850,false,16,0.23419451,3.67362336,10.34451700
850,false,16,0.23415191,3.67365764,10.36716100
850,false,16,0.23445633,3.67713329,10.37021300
850,false,16,0.23449680,3.67926112,10.38248100
850,false,16,0.23354100,3.67172867,10.36392700
850,false,16,0.23411931,3.67965449,10.37088400
850,false,16,0.23391989,3.67304702,10.34854500
900,false,16,0.28695932,4.50998516,12.63107100
900,false,16,0.28537198,4.50452788,12.49270500
900,false,16,0.28629533,4.50390773,12.50546100
900,false,16,0.28580382,4.50447320,12.50216500
900,false,16,0.28528499,4.50448893,12.46560500
900,false,16,0.28682322,4.51613985,12.51400600
900,false,16,0.29234376,4.50891732,13.10018600
900,false,16,0.28603151,4.51053987,12.56429900
900,false,16,0.28526738,4.50399511,12.52175800
900,false,16,0.28662125,4.51879521,12.52737200
900,false,16,0.28586879,4.50849899,12.51046600
900,false,16,0.28530298,4.49805258,12.47872700
900,false,16,0.28619482,4.50624496,12.50149400
900,false,16,0.28549736,4.50274610,12.49252200
900,false,16,0.28530083,4.50012467,12.48043700
900,false,16,0.28565245,4.50185256,12.50363000
900,false,16,0.28656544,4.51028063,12.52590700
900,false,16,0.28582782,4.51050021,12.59152000
900,false,16,0.28603236,4.51463317,12.53701600
900,false,16,0.28551105,4.50256599,12.53512400
900,false,8,0.33274737,2.62744067,13.78390100
900,false,8,0.32394744,2.56150003,13.55770500
900,false,8,0.32389502,2.56174767,13.51565100
900,false,8,0.32378916,2.56116777,13.51430800
900,false,8,0.32388030,2.56149216,13.51949700
900,false,8,0.32350185,2.55989731,13.49361800
900,false,8,0.32402378,2.56123212,13.50417700
900,false,8,0.32373964,2.56095272,13.56136700
900,false,8,0.32378268,2.56079777,13.57497700
900,false,8,0.32361493,2.56027941,13.58016500
900,false,8,0.32369107,2.56006206,13.52743100
900,false,8,0.32353396,2.55946542,13.54482600
900,false,8,0.32360339,2.56015286,13.61458900
900,false,8,0.32375023,2.56059742,13.62581900
900,false,8,0.32353723,2.56029156,13.59218900
900,false,8,0.32377643,2.56038052,13.64327600
900,false,8,0.33230812,2.62893810,14.29830300
900,false,8,0.33931123,2.69006842,14.86812600
900,false,8,0.35286770,2.79183634,14.92842900
900,false,8,0.34170900,2.70515506,14.14162600
900,false,12,0.30396515,3.59822297,13.11446900
900,false,12,0.30269979,3.58056612,13.00411800
900,false,12,0.30311714,3.58683590,13.02029100
900,false,12,0.30807358,3.58329141,13.07168300
900,false,12,0.30306052,3.58529504,13.01284500
900,false,12,0.30313368,3.58354481,13.01846000
900,false,12,0.30250523,3.58167966,12.99294800
900,false,12,0.30337577,3.58803052,13.04678100
900,false,12,0.30248675,3.58339265,12.99996700
900,false,12,0.30233824,3.58295201,12.99709800
900,false,12,0.30265879,3.58143626,12.98623400
900,false,12,0.30528697,3.59454003,13.05965900
900,false,12,0.30231060,3.58434362,13.01284500
900,false,12,0.30214777,3.58256063,12.97439300
900,false,12,0.30246667,3.58275372,12.99410700
900,false,12,0.30264134,3.59069344,13.04202000
900,false,12,0.30517096,3.60792809,13.11178300
900,false,12,0.30364137,3.58736526,13.03677000
900,false,12,0.30274077,3.58429902,13.02120700
900,false,12,0.30259312,3.58499822,12.98739400
900,false,14,0.29310491,4.02392967,12.77194000
900,false,14,0.29229610,4.02566925,12.73580700
900,false,14,0.29244066,4.02200534,12.73513600
900,false,14,0.29194629,4.02569432,12.73959200
900,false,14,0.29350638,4.02315553,12.75533900
900,false,14,0.29252739,4.02047537,12.75442300
900,false,14,0.29226196,4.02360259,12.74069000
900,false,14,0.29263379,4.02516585,12.76455500
900,false,14,0.29177575,4.02458410,12.73904200
900,false,14,0.29230705,4.02379880,12.75027300
900,false,14,0.29199991,4.02262861,12.72665200
900,false,14,0.29279238,4.02432985,12.77291600
900,false,14,0.29230394,4.02294463,12.75240800
900,false,14,0.29208911,4.02426924,12.77975300
900,false,14,0.29253145,4.02378303,12.73763800
900,false,14,0.29253680,4.02333397,12.73208400
900,false,14,0.29268231,4.02977246,12.73397600
900,false,14,0.29287390,4.02528127,12.74319200
900,false,14,0.29196620,4.02097409,12.72164700
900,false,14,0.29184455,4.01967105,12.72769000
900,false,15,0.28756748,4.24598400,12.55868400
900,false,15,0.28767024,4.24545476,12.55856100
900,false,15,0.28677069,4.23947433,12.50088400
900,false,15,0.28691287,4.24343055,12.54141000
900,false,15,0.28696929,4.24190073,12.54342500
900,false,15,0.28716869,4.24255071,12.54226500
900,false,15,0.28711179,4.24255936,12.50857400
900,false,15,0.28719720,4.24192868,12.52816700
900,false,15,0.28669541,4.24004406,12.52767800
900,false,15,0.28721112,4.24346598,12.54855200
900,false,15,0.28712157,4.24203222,12.52999800
900,false,15,0.28773888,4.25360805,12.57864200
900,false,15,0.30174843,4.43724485,13.60354200
900,false,15,0.29100819,4.29573609,12.78457400
900,false,15,0.29168383,4.28449978,12.73769900
900,false,15,0.29045211,4.28209140,12.72195300
900,false,15,0.29063487,4.28342072,12.71407900
900,false,15,0.28738831,4.25276876,12.55428900
900,false,15,0.28702196,4.24581876,12.53573400
900,false,15,0.28728881,4.24507346,12.54849100
900,false,15.5,0.28532507,4.45138182,12.62472400
900,false,15.5,0.28268996,4.46117201,12.52767800
900,false,15.5,0.29970255,4.48171834,13.59823200
900,false,15.5,0.29715464,4.45942455,13.53542600
900,false,15.5,0.29871440,4.45687519,13.54458200
900,false,15.5,0.28981689,4.50651320,12.97884900
900,false,15.5,0.29062725,4.53634175,12.99831900
900,false,15.5,0.29322777,4.52581130,13.25295600
900,false,15.5,0.29387604,4.53331551,13.24313000
900,false,15.5,0.29427913,4.56369274,13.21590800
900,false,15.5,0.30096616,4.43854871,13.70809500
900,false,15.5,0.29970674,4.51337814,13.72817500
900,false,15.5,0.30306090,4.51393079,13.86898300
900,false,15.5,0.30280355,4.47714873,13.80916900
900,false,15.5,0.29923006,4.49527115,13.65987700
900,false,15.5,0.28941165,4.47202151,12.94747700
900,false,15.5,0.30525459,4.48053460,13.85640900
900,false,15.5,0.30366330,4.45535071,13.99251800
900,false,15.5,0.30074684,4.48243952,13.66311200
900,false,15.5,0.29632082,4.50219772,13.37282900
900,false,15.146446609406727,0.30081957,4.43096194,13.73195900
900,false,15.146446609406727,0.29789660,4.40459768,13.43069100
900,false,15.146446609406727,0.29155886,4.29814038,12.79763600
900,false,15.146446609406727,0.28822156,4.25738399,12.57333200
900,false,15.146446609406727,0.29200625,4.30953399,12.90249400
900,false,15.146446609406727,0.28788886,4.25785545,12.55709600
900,false,15.146446609406727,0.28870549,4.26278072,12.58529500
900,false,15.146446609406727,0.28741964,4.24959838,12.56631300
900,false,15.146446609406727,0.28711602,4.25131531,12.53787000
900,false,15.146446609406727,0.28754553,4.25205670,12.54891800
900,false,15.146446609406727,0.28740197,4.25011836,12.57302700
900,false,15.146446609406727,0.28756272,4.25249193,12.53878600
900,false,15.146446609406727,0.28747394,4.25139419,12.59261900
900,false,15.146446609406727,0.28750003,4.25832396,12.58425700
900,false,15.146446609406727,0.28771244,4.25093881,12.55941600
900,false,15.146446609406727,0.28754128,4.25028082,12.58291500
900,false,15.146446609406727,0.28753905,4.24897577,12.56259000
900,false,15.146446609406727,0.28695691,4.24645950,12.51296900
900,false,15.146446609406727,0.28797108,4.25170927,12.56698400
900,false,15.146446609406727,0.28740345,4.24906940,12.54873500
900,false,14.849144830656046,0.28774355,4.25242761,12.55197000
900,false,14.849144830656046,0.28700609,4.24631833,12.53103400
900,false,14.849144830656046,0.28721458,4.24947796,12.53903100
900,false,14.849144830656046,0.28748202,4.25440554,12.55850000
900,false,14.849144830656046,0.28770527,4.25102220,12.57205000
900,false,14.849144830656046,0.28710949,4.24696852,12.53811500
900,false,14.849144830656046,0.28787441,4.25128643,12.57491900
900,false,14.849144830656046,0.28774124,4.25649321,12.58010700
900,false,14.849144830656046,0.28736318,4.24834534,12.55178700
900,false,14.849144830656046,0.28736683,4.24870142,12.54641600
900,false,14.849144830656046,0.28719037,4.24696259,12.54928400
900,false,14.849144830656046,0.28748165,4.25192437,12.64590300
900,false,14.849144830656046,0.28739840,4.25089306,12.55966000
900,false,14.849144830656046,0.28778669,4.25124038,12.57443100
900,false,14.849144830656046,0.30221045,4.41793564,13.65816800
900,false,14.849144830656046,0.29842560,4.41313139,13.52145000
900,false,14.849144830656046,0.29726282,4.39994008,13.34109200
900,false,14.849144830656046,0.29310829,4.31779636,12.98580600
900,false,14.849144830656046,0.29973601,4.42730531,13.60726500
900,false,14.849144830656046,0.29369314,4.33935696,12.95840200
900,false,14.576517897489731,0.28767164,4.25882758,12.58627200
900,false,14.576517897489731,0.28772036,4.25268046,12.53622200
900,false,14.576517897489731,0.28808179,4.25553145,12.58920100
900,false,14.576517897489731,0.28783518,4.25253043,12.58419700
900,false,14.576517897489731,0.28783797,4.25438778,12.55776900
900,false,14.576517897489731,0.28745668,4.25189033,12.57613900
900,false,14.576517897489731,0.28805427,4.25435756,12.57058600
900,false,14.576517897489731,0.28783533,4.25467210,12.56564200
900,false,14.576517897489731,0.28725839,4.25010539,12.55654800
900,false,14.576517897489731,0.28744812,4.25161112,12.53951900
900,false,14.576517897489731,0.28775193,4.25325876,12.58962900
900,false,14.576517897489731,0.28721176,4.25098190,12.56387200
900,false,14.576517897489731,0.28772572,4.25607442,12.62838600
900,false,14.576517897489731,0.28804177,4.25904606,12.59036100
900,false,14.576517897489731,0.28752677,4.25299627,12.57662800
900,false,14.576517897489731,0.28789248,4.25253806,12.58895700
900,false,14.576517897489731,0.28756895,4.25492809,12.56326100
900,false,14.576517897489731,0.28817327,4.25460350,12.57443100
900,false,14.576517897489731,0.28758423,4.25506868,12.57357600
900,false,14.576517897489731,0.28803910,4.25864714,12.55557100
900,false,14.315449451882879,0.29155350,4.02764428,12.75149300
900,false,14.315449451882879,0.29233100,4.04302770,12.75546100
900,false,14.315449451882879,0.29301497,4.04656211,12.79171600
900,false,14.315449451882879,0.29294418,4.04492234,12.81558000
900,false,14.315449451882879,0.32613437,4.48012029,12.87881200
900,false,14.315449451882879,0.29266902,4.04379046,12.80215200
900,false,14.315449451882879,0.29233481,4.04475996,12.79891700
900,false,14.315449451882879,0.29203374,4.04053535,12.77200100
900,false,14.315449451882879,0.29235251,4.04273610,12.77841000
900,false,14.315449451882879,0.29255502,4.04481348,12.80996500
900,false,14.315449451882879,0.29268300,4.04222976,12.77218400
900,false,14.315449451882879,0.29238788,4.04243506,12.78408600
900,false,14.315449451882879,0.29255254,4.04058509,12.80276300
900,false,14.315449451882879,0.29270635,4.04691670,12.81985200
900,false,14.315449451882879,0.29224748,4.04123727,12.78842000
900,false,14.315449451882879,0.29242102,4.04428771,12.78524500
900,false,14.315449451882879,0.29252196,4.04326670,12.81466500
900,false,14.315449451882879,0.29292027,4.04755662,12.80569200
900,false,14.315449451882879,0.29272931,4.04270051,12.79666000
900,false,14.315449451882879,0.29243573,4.04242521,12.80209100
950,false,14.570923739046409,0.34012004,5.01288265,15.27913600
950,false,14.570923739046409,0.33434852,4.95474715,14.81935900
950,false,14.570923739046409,0.33307723,4.93687916,14.71559900
950,false,14.570923739046409,0.33472580,4.94946088,14.80013300
950,false,14.570923739046409,0.33396069,4.94179355,14.80214700
950,false,14.570923739046409,0.33342010,4.94018982,14.78743800
950,false,14.570923739046409,0.33447164,4.93946520,14.73146900
950,false,14.570923739046409,0.33349373,4.93538864,14.72432700
950,false,14.570923739046409,0.33610392,4.96591572,14.86629500
950,false,14.570923739046409,0.33378070,4.93629854,14.74538400
950,false,14.570923739046409,0.33366099,4.93997794,14.74984000
950,false,14.570923739046409,0.33373717,4.93589814,14.79909500
950,false,14.570923739046409,0.33417651,4.94502877,14.81002100
950,false,14.570923739046409,0.33365071,4.94072614,14.76400000
950,false,14.570923739046409,0.33385305,4.93872577,14.78151700
950,false,14.570923739046409,0.33402514,4.94340142,14.76424400
950,false,14.570923739046409,0.33409929,4.94226958,14.80196400
950,false,14.570923739046409,0.33424323,4.94275101,14.76046000
950,false,14.570923739046409,0.33377646,4.93948791,14.76992100
950,false,14.570923739046409,0.33355578,4.94964677,14.81856500
950,false,14.318201417533484,0.34039444,4.70748480,14.94228300
950,false,14.318201417533484,0.33978956,4.69670903,14.88277400
950,false,14.318201417533484,0.34083648,4.69394379,14.89479900
950,false,14.318201417533484,0.33884216,4.69150179,14.84883900
950,false,14.318201417533484,0.34037753,4.69816517,14.88271300
950,false,14.318201417533484,0.33925352,4.69440440,14.89131900
950,false,14.318201417533484,0.33989112,4.69710841,14.88668100
950,false,14.318201417533484,0.33952865,4.70179184,14.92226400
950,false,14.318201417533484,0.33981595,4.70297294,14.93306800
950,false,14.318201417533484,0.34035800,4.69831362,14.90346600
950,false,14.318201417533484,0.33957723,4.69391734,14.88137000
950,false,14.318201417533484,0.34035507,4.69909965,14.86129000
950,false,14.318201417533484,0.33920390,4.69284638,14.85848200
950,false,14.318201417533484,0.33953542,4.69509724,14.87807500
950,false,14.318201417533484,0.34017707,4.69922737,14.92018900
950,false,14.318201417533484,0.33958023,4.69349000,14.87545000
950,false,14.318201417533484,0.34030313,4.69864001,14.86885800
950,false,14.318201417533484,0.34066689,4.70154080,14.91036200
950,false,14.318201417533484,0.34018563,4.70149900,14.90792100
950,false,14.318201417533484,0.34059016,4.70032403,14.91744200
950,false,14.569558892811685,0.33813365,4.97126664,14.99147800
950,false,14.569558892811685,0.33400744,4.94022193,14.77926000
950,false,14.569558892811685,0.33368631,4.93932441,14.76119300
950,false,14.569558892811685,0.33335833,4.93869533,14.80025500
950,false,14.569558892811685,0.33418588,4.94213328,14.82961200
950,false,14.569558892811685,0.33315438,4.93765306,14.79805800
950,false,14.569558892811685,0.33349070,4.93872834,14.79689800
950,false,14.569558892811685,0.33364297,4.93861393,14.73445900
950,false,14.569558892811685,0.33522787,4.94056570,14.83443500
950,false,14.569558892811685,0.33864866,4.93606048,14.89229600
950,false,14.569558892811685,0.33342019,4.94029934,14.79671500
950,false,14.569558892811685,0.33439794,4.94397793,14.84829000
950,false,14.569558892811685,0.33346826,4.93904045,14.80703000
950,false,14.569558892811685,0.33383106,4.94784705,14.83968400
950,false,14.569558892811685,0.33333243,4.93328967,14.76168100
950,false,14.569558892811685,0.33361313,4.93049676,14.76863900
950,false,14.569558892811685,0.33313726,4.93208989,14.79451800
950,false,14.569558892811685,0.33338377,4.93641450,14.76918800
950,false,14.569558892811685,0.33330477,4.93438016,14.77993100
950,false,14.569558892811685,0.33421060,4.94189893,14.84542100
950,false,14.820236711574235,0.33345387,4.93291937,14.81014300
950,false,14.820236711574235,0.33434864,4.93724437,14.80794600
950,false,14.820236711574235,0.33348884,4.93526025,14.74739900
950,false,14.820236711574235,0.33346321,4.93742506,14.79036700
950,false,14.820236711574235,0.33344622,4.93808715,14.80910500
950,false,14.820236711574235,0.33369908,4.93564484,14.78536200
950,false,14.820236711574235,0.33361873,4.93449795,14.76137600
950,false,14.820236711574235,0.33878408,4.93029003,14.82320400
950,false,14.820236711574235,0.33331806,4.93738829,14.79268700
950,false,14.820236711574235,0.33381821,4.93939864,14.80159700
950,false,14.820236711574235,0.33306764,4.93577563,14.76039900
950,false,14.820236711574235,0.33343447,4.93752938,14.75765300
950,false,14.820236711574235,0.33366707,4.93632010,14.79720400
950,false,14.820236711574235,0.33340941,4.93886007,14.78469200
950,false,14.820236711574235,0.33393234,4.93991140,14.75985000
950,false,14.820236711574235,0.33380345,4.94778029,14.82650100
950,false,14.820236711574235,0.33394357,4.94332143,14.83626600
950,false,14.820236711574235,0.33324882,4.93969467,14.79988900
950,false,14.820236711574235,0.34417328,5.07972610,15.52406900
950,false,14.820236711574235,0.33429821,4.93913692,14.80526000
950,false,15.5708293012337,0.32858150,5.17305720,14.58339800
950,false,15.5708293012337,0.32874992,5.17868667,14.58742600
950,false,15.5708293012337,0.32889422,5.19572256,14.64003800
950,false,15.5708293012337,0.32865307,5.17613695,14.58394700
950,false,15.5708293012337,0.32816277,5.17782284,14.60109800
950,false,15.5708293012337,0.32848505,5.17457381,14.61110800
950,false,15.5708293012337,0.32814589,5.17944609,14.58461800
950,false,15.5708293012337,0.32871309,5.17869760,14.60427200
950,false,15.5708293012337,0.32856205,5.17789744,14.60323400
950,false,15.5708293012337,0.33055219,5.19204800,14.67214300
950,false,15.5708293012337,0.32844011,5.17385498,14.58181100
950,false,15.5708293012337,0.32823140,5.17633515,14.59102700
950,false,15.5708293012337,0.32845130,5.17914308,14.61104600
950,false,15.5708293012337,0.32855290,5.17655007,14.60823900
950,false,15.5708293012337,0.32844648,5.17641218,14.58327600
950,false,15.5708293012337,0.32833457,5.17576223,14.59658100
950,false,15.5708293012337,0.32886539,5.18539001,14.63570400
950,false,15.5708293012337,0.32825626,5.17818303,14.61135100
950,false,15.5708293012337,0.32875584,5.17827891,14.62429100
950,false,15.5708293012337,0.32835123,5.18028909,14.60415000
950,false,15.820871611160024,0.32928082,5.19200098,14.62886900
950,false,15.820871611160024,0.32893498,5.17897321,14.60500400
950,false,15.820871611160024,0.32897371,5.19265265,14.66115600
950,false,15.820871611160024,0.33011700,5.20025193,14.69881500
950,false,15.820871611160024,0.32873857,5.17789533,14.61702800
950,false,15.820871611160024,0.32866636,5.18132868,14.62075200
950,false,15.820871611160024,0.32923745,5.20045041,14.67049500
950,false,15.820871611160024,0.32866291,5.18305117,14.62355800
950,false,15.820871611160024,0.32898485,5.18472278,14.64656900
950,false,15.820871611160024,0.32857314,5.17831082,14.60653000
950,false,15.820871611160024,0.32815286,5.17735583,14.56655200
950,false,15.820871611160024,0.32807240,5.18005681,14.59963300
950,false,15.820871611160024,0.32886340,5.17970877,14.61867600
950,false,15.820871611160024,0.32973722,5.18959270,14.75405200
950,false,15.820871611160024,0.34507802,5.31290929,15.81258100
950,false,15.820871611160024,0.34578190,5.12526762,16.02107700
950,false,15.820871611160024,0.34812322,5.14419877,16.14394000
950,false,15.820871611160024,0.34823460,5.13507206,16.18190400
950,false,15.820871611160024,0.35012310,5.16976696,16.25209500
950,false,15.820871611160024,0.34566932,5.32747427,15.78499300
950,false,16,0.34421434,5.35210537,15.71413200
950,false,16,0.34327019,5.26380340,15.71571900
950,false,16,0.34570259,5.36852140,15.71944200
950,false,16,0.33838459,5.29404230,15.24434600
950,false,16,0.34133778,5.32060904,15.56642800
950,false,16,0.34459349,5.30148886,15.76991800
950,false,16,0.33487157,5.27258680,14.96572100
950,false,16,0.32841549,5.17476141,14.59536000
950,false,16,0.32870206,5.19187650,14.64943700
950,false,16,0.32829969,5.17775282,14.59346800
950,false,16,0.32848404,5.17634993,14.61550200
950,false,16,0.32848151,5.17833871,14.57833200
950,false,16,0.32907403,5.19402925,14.64516500
950,false,16,0.33786132,5.20916888,15.25942100
950,false,16,0.32961965,5.19760513,14.68721900
950,false,16,0.32864062,5.19324452,14.64461600
950,false,16,0.33126975,5.17592213,14.64217500
950,false,16,0.32909260,5.18150627,14.62954000
950,false,16,0.32810187,5.17944109,14.59395700
950,false,16,0.32915145,5.18072629,14.62587800
950,false,16,0.32900036,5.19954415,14.67788000
950,false,16,0.32838191,5.17649332,14.61531900
950,false,16,0.32824406,5.17736549,14.59835200
950,false,16,0.32850950,5.18020798,14.60939900
950,false,16,0.32866153,5.17752892,14.61458600
950,false,16,0.32809764,5.17514388,14.60878900
950,false,16,0.32879926,5.19175528,14.63997700
950,false,16,0.32841938,5.17944817,14.60201400
950,false,16,0.32861294,5.18079263,14.57247200
950,false,16,0.32836074,5.17610997,14.59932800
950,false,16,0.32901977,5.18841602,14.61983500
950,false,16,0.32825893,5.18061770,14.60231800
950,false,16,0.32834540,5.18790899,14.60158600
950,false,16,0.32801754,5.17610079,14.55263600
950,false,16,0.32810991,5.17838627,14.60299000
950,false,16,0.32850751,5.18938571,14.64101500
950,false,16,0.32830072,5.17654010,14.59420100
950,false,16,0.32872852,5.17137037,14.61629500
950,false,16,0.32833757,5.17551396,14.62038500
950,false,16,0.32877029,5.17990901,14.61568500
1000,false,16,0.41314023,6.49218808,18.11250300
1000,false,16,0.41374127,6.51766129,18.06410200
1000,false,16,0.41221381,6.47660836,18.00672900
1000,false,16,0.41161366,6.49408127,17.99372800
1000,false,16,0.41129275,6.48862118,17.98896800
1000,false,16,0.41127774,6.49077934,18.00044200
1000,false,16,0.41095148,6.48568947,17.98054400
1000,false,16,0.41142403,6.49229418,18.01759300
1000,false,16,0.41214524,6.50502730,18.09584000
1000,false,16,0.41059189,6.48638321,17.95729000
1000,false,16,0.41159296,6.48714239,17.97700500
1000,false,16,0.41203975,6.48482366,17.99165300
1000,false,16,0.41145023,6.48619839,17.98323100
1000,false,16,0.40988538,6.48205402,17.95619200
1000,false,16,0.41212464,6.49653544,18.01539500
1000,false,16,0.41153268,6.48965008,17.97962900
1000,false,16,0.41218649,6.49067975,17.99494900
1000,false,16,0.41171525,6.48785623,17.99665800
1000,false,16,0.41154799,6.48477371,18.00288300
1000,false,16,0.41177672,6.48420248,18.02217100
1000,false,16,0.41238085,6.48141557,18.00410400
1000,false,16,0.41246819,6.49818851,18.06495600
1000,false,16,0.41218248,6.48653367,17.98872400
1000,false,16,0.41163427,6.48375522,18.00105200
1000,false,16,0.41153208,6.49152631,18.02235400
1000,false,16,0.41224891,6.50794971,18.07344000
1000,false,16,0.41087530,6.48727687,17.96443200
1000,false,16,0.41182636,6.48949139,17.97462400
1000,false,16,0.41165713,6.49043821,17.99031100
1000,false,16,0.41139227,6.48828801,17.97828700
1000,false,16,0.41144802,6.48484446,17.98072700
1000,false,16,0.41182965,6.48813233,17.97993400
1000,false,16,0.41217806,6.49004959,18.02345200
1000,false,16,0.41056850,6.48419695,17.95838900
1000,false,16,0.41247716,6.49618941,18.01820300
1000,false,16,0.41322772,6.49327566,18.02388000
1000,false,16,0.41103216,6.49155143,17.99806200
1000,false,16,0.41082175,6.49050003,18.00788800
1000,false,16,0.41333171,6.51059097,18.05250500
1000,false,16,0.41119816,6.48726882,18.10212600
1000,false,16,0.41028756,6.48892383,17.97340400
1000,false,16,0.41169285,6.49338620,17.99897700
1000,false,16,0.42139059,6.54977267,18.81202500
1000,false,16,0.41949966,6.59689645,18.38532900
1000,false,16,0.41277858,6.48800636,17.98646500
1000,false,16,0.41296445,6.49891475,18.04573000
1000,false,16,0.41194436,6.48276512,18.00105300
1000,false,16,0.41082440,6.48756775,17.96516400
1000,false,16,0.41609547,6.48501553,18.41889800
1000,false,16,0.41281991,6.49218962,18.06160000
1000,false,16,0.41110622,6.48369806,17.97432000
1000,false,16,0.41044314,6.48665802,17.99830600
1000,false,16,0.41221328,6.48519370,17.99159200
1000,false,16,0.41076668,6.48806215,17.98719700
1000,false,16,0.41160235,6.48756630,18.00477600
1000,false,16,0.41193526,6.49396496,18.01344300
1000,false,16,0.41085488,6.49156543,18.00544800
1000,false,16,0.41074277,6.48297206,17.95411600
1000,false,16,0.41171355,6.48375720,17.99177500
1000,false,16,0.41265767,6.49414806,18.01118400
1000,false,16,0.41168199,6.48390919,17.97938500
1000,false,16,0.41114564,6.48611062,17.97846900
1000,false,16,0.41118013,6.48794655,18.00746100
1000,false,16,0.41306896,6.51317812,18.11640900
1000,false,16,0.41202393,6.48628499,17.98799100
1000,false,16,0.41233796,6.49126512,17.99354500
1000,false,16,0.41195291,6.47940455,17.99476600
1000,false,16,0.41188820,6.48806368,17.96925300
1000,false,16,0.41264843,6.49877299,18.04182400
1000,false,16,0.41136887,6.48935656,18.00025900
1000,false,16,0.41252883,6.49088891,17.99366700
1000,false,16,0.41218089,6.48555102,18.00569100
1000,false,16,0.41117610,6.48430017,17.97138900
1000,false,16,0.41117055,6.48615609,17.97492900
1000,false,16,0.43716777,6.48705578,19.83265200
1000,false,16,0.42411794,6.62307010,18.96033900
1000,false,16,0.42240880,6.61122004,18.91358700
1000,false,16,0.42569599,6.62307708,19.07447500
1000,false,16,0.42351030,6.58958319,18.97065500
1000,false,16,0.42416125,6.61534310,18.94801100
1000,false,8,0.45339778,3.58132237,19.05079300
1000,false,8,0.44264919,3.51346348,18.78327700
1000,false,8,0.44270444,3.51374328,18.79865800
1000,false,8,0.44262952,3.51381692,18.79615500
1000,false,8,0.44261042,3.51271239,18.79359200
1000,false,8,0.44283118,3.51289722,18.78285000
1000,false,8,0.44271549,3.51271191,18.78126300
1000,false,8,0.44283289,3.51274627,18.76637100
1000,false,8,0.44293711,3.51301486,18.79499600
1000,false,8,0.44245562,3.51288677,18.77680800
1000,false,8,0.44261251,3.51387016,18.78925800
1000,false,8,0.44255095,3.51315060,18.79841300
1000,false,8,0.44256964,3.51273840,18.79481300
1000,false,8,0.44240371,3.51314333,18.77949300
1000,false,8,0.44239281,3.51325436,18.77808900
1000,false,8,0.44222967,3.51169755,18.77332800
1000,false,8,0.44209950,3.51249927,18.74207800
1000,false,8,0.44259409,3.51294832,18.76954500
1000,false,8,0.44228918,3.51234022,18.75245500
1000,false,8,0.44262726,3.51320113,18.78175100
1000,false,12,0.42778563,5.01525237,18.37422000
1000,false,12,0.42629396,5.04357006,18.32533200
1000,false,12,0.42650238,5.04439535,18.35243100
1000,false,12,0.42664114,5.04591787,18.36042700
1000,false,12,0.42651487,5.04520879,18.33839300
1000,false,12,0.42579841,5.04169579,18.32234100
1000,false,12,0.42700210,5.04278599,18.32752800
1000,false,12,0.42631055,5.04350842,18.32533200
1000,false,12,0.42661275,5.04553400,18.35292000
1000,false,12,0.42660706,5.04344580,18.34150600
1000,false,12,0.42815334,5.07813674,18.59339700
1000,false,12,0.42646301,5.04513099,18.35157700
1000,false,12,0.42626060,5.03968929,18.34394700
1000,false,12,0.42720007,5.06701159,18.41609100
1000,false,12,0.42662138,5.04394791,18.34053000
1000,false,12,0.42682352,5.06222818,18.44599800
1000,false,12,0.43026419,5.09814199,18.69990300
1000,false,12,0.42685824,5.04453262,18.33296100
1000,false,12,0.42701928,5.04534243,18.32429400
1000,false,12,0.42669406,5.04200134,18.31874000
1000,false,14,0.41832084,5.77850427,18.30238300
1000,false,14,0.41888676,5.77077007,18.19422800
1000,false,14,0.41781308,5.77097812,18.17384300
1000,false,14,0.41858493,5.77756427,18.16853200
1000,false,14,0.41778475,5.77354793,18.21730000
1000,false,14,0.42022396,5.78156723,18.23408400
1000,false,14,0.41876680,5.77482845,18.17604000
1000,false,14,0.41882409,5.77738230,18.28443900
1000,false,14,0.41856295,5.77660191,18.23066600
1000,false,14,0.44261202,5.74570514,18.54988000
1000,false,14,0.41864979,5.77647007,18.24684100
1000,false,14,0.41844355,5.78056428,18.30049000
1000,false,14,0.41789408,5.76792570,18.24720700
1000,false,14,0.41821462,5.77149808,18.23835700
1000,false,14,0.41818584,5.77601480,18.26191600
1000,false,14,0.41771513,5.77296758,18.25636200
1000,false,14,0.41921840,5.78543624,18.31684700
1000,false,14,0.41851183,5.77341796,18.24616900
1000,false,14,0.41745784,5.77646461,18.28651400
1000,false,14,0.42026777,5.79115369,18.30970700
1000,false,15,0.41502302,6.13415140,18.12361100
1000,false,15,0.41299986,6.12519327,18.09388700
1000,false,15,0.41306039,6.12376251,18.09522900
1000,false,15,0.41887228,6.11614196,18.15797300
1000,false,15,0.41332551,6.12327098,18.07844500
1000,false,15,0.41502786,6.13172746,18.13368200
1000,false,15,0.41430231,6.12517147,18.09700000
1000,false,15,0.41348437,6.12916259,18.08546400
1000,false,15,0.41293485,6.12022403,18.08546400
1000,false,15,0.41358074,6.12438414,18.10646000
1000,false,15,0.41283295,6.12536044,18.09498500
1000,false,15,0.41311195,6.12398995,18.08290000
1000,false,15,0.41428456,6.12865885,18.12617400
1000,false,15,0.41312741,6.11972921,18.07093800
1000,false,15,0.41388346,6.12514137,18.07795600
1000,false,15,0.41355087,6.12461066,18.08021500
1000,false,15,0.41375245,6.12668951,18.10957200
1000,false,15,0.41453321,6.12952357,18.10884000
1000,false,15,0.41432625,6.12419358,18.10682600
1000,false,15,0.41625986,6.13352405,18.16163600
1000,false,15.5,0.41161600,6.46535648,18.04029800
1000,false,15.5,0.40950985,6.46174004,17.92543000
1000,false,15.5,0.41100874,6.46664289,17.96565300
1000,false,15.5,0.40928424,6.45908160,17.90925600
1000,false,15.5,0.40960166,6.45991822,17.94575500
1000,false,15.5,0.40928036,6.45719931,17.92134100
1000,false,15.5,0.41099789,6.48940890,18.15357900
1000,false,15.5,0.41057665,6.47160681,18.04780600
1000,false,15.5,0.40938575,6.45744198,17.92274500
1000,false,15.5,0.41098952,6.47775454,18.04780500
1000,false,15.5,0.41039232,6.46893310,18.03761300
1000,false,15.5,0.40923572,6.45529948,17.91084300
1000,false,15.5,0.41128464,6.46445284,18.01582300
1000,false,15.5,0.41082935,6.47566792,18.02967800
1000,false,15.5,0.40864966,6.45652222,17.93599000
1000,false,15.5,0.41075622,6.47153440,17.96424800
1000,false,15.5,0.41051896,6.46723296,17.96876500
1000,false,15.5,0.40937586,6.46023842,17.93898000
1000,false,15.5,0.40929096,6.45881273,17.92182900
1000,false,15.5,0.40882336,6.45405171,17.90968400
1000,false,15.853553390593273,0.41075321,6.47434671,18.12470900
1000,false,15.853553390593273,0.43240862,6.68612802,19.44410300
1000,false,15.853553390593273,0.41363418,6.52655810,18.23121600
1000,false,15.853553390593273,0.41363806,6.52303177,18.21003600
1000,false,15.853553390593273,0.41244370,6.50085210,18.20039300
1000,false,15.853553390593273,0.41212538,6.47617326,17.98738100
1000,false,15.853553390593273,0.41687045,6.47125919,18.52961600
1000,false,15.853553390593273,0.41069462,6.46631091,17.97676100
1000,false,15.853553390593273,0.40965157,6.46124760,17.91322400
1000,false,15.853553390593273,0.40917978,6.45763586,17.92085300
1000,false,15.853553390593273,0.40916866,6.46023432,17.91932700
1000,false,15.853553390593273,0.40939919,6.45512303,17.88966400
1000,false,15.853553390593273,0.40947003,6.45963278,17.92976400
1000,false,15.853553390593273,0.40830886,6.45542315,17.92250100
1000,false,15.853553390593273,0.40970074,6.46430229,17.98420600
1000,false,15.853553390593273,0.40846617,6.45047872,17.92597900
1000,false,15.853553390593273,0.41092750,6.46994833,18.05732700
1000,false,15.853553390593273,0.41004867,6.46734648,17.97901900
1000,false,15.853553390593273,0.41034109,6.46317450,17.93598900
1000,false,15.853553390593273,0.41054333,6.45829304,17.93251000
1050,false,16,0.48150173,7.55149087,21.08167200
1050,false,16,0.47906355,7.54142079,21.00360900
1050,false,16,0.47638063,7.53157767,20.94116900
1050,false,16,0.47877733,7.53933958,20.96259300
1050,false,16,0.47528473,7.52120798,20.91144600
1050,false,16,0.47908251,7.53986101,21.04242700
1050,false,16,0.47733871,7.53050718,20.96588800
1050,false,16,0.47872571,7.53294543,20.98603000
1050,false,16,0.47599225,7.52704022,20.89826200
1050,false,16,0.47699309,7.52131441,20.91382600
1050,false,16,0.47775882,7.52740150,20.93299000
1050,false,16,0.47603103,7.52687914,20.91315500
1050,false,16,0.47837706,7.54078630,20.98731200
1050,false,16,0.47890493,7.54155259,20.99402600
1050,false,16,0.47509737,7.52405053,20.89661400
1050,false,16,0.47537193,7.52104995,20.89539300
1050,false,16,0.47747979,7.52310657,20.91260500
1050,false,16,0.47676017,7.53043099,20.89453800
1050,false,16,0.48014495,7.55292109,21.07984100
1050,false,16,0.47942094,7.55181273,21.09442900
1050,false,16,0.47691574,7.53432329,20.96222600
1050,false,16,0.47993334,7.58224719,21.13922800
1050,false,16,0.47635888,7.52163039,20.89814000
1050,false,16,0.48160823,7.54291280,21.01331300
1050,false,16,0.47644786,7.52750692,20.92139400
1050,false,16,0.47658615,7.52187638,21.02338300
1050,false,16,0.47355910,7.49340479,20.87018600
1050,false,16,0.47649869,7.50744870,20.97241900
1050,false,16,0.47610254,7.50436829,20.96540000
1050,false,16,0.47469920,7.49894759,20.84973900
1050,false,16,0.47360746,7.49125308,20.83356500
1050,false,16,0.47527157,7.49849503,20.94239000
1050,false,16,0.47286808,7.49205337,20.79065700
1050,false,16,0.47396013,7.49399951,20.84711500
1050,false,16,0.47383379,7.48993086,20.84803000
1050,false,16,0.47607724,7.50585068,20.95728300
1050,false,16,0.47377755,7.49435568,20.87909700
1050,false,16,0.47476489,7.50108328,20.97217500
1050,false,16,0.47868030,7.50150132,20.98267400
1050,false,16,0.47384870,7.49696208,20.83679900
1050,false,16,0.47554653,7.50437815,20.87183400
1050,false,16,0.47367945,7.49179039,20.87256600
1050,false,16,0.47505770,7.49351673,20.85382800
1050,false,16,0.47410338,7.49458544,20.91541300
1050,false,16,0.47439155,7.49293665,20.84796900
1050,false,16,0.47519101,7.49993939,20.87824200
1050,false,16,0.47688058,7.51422248,21.00238700
1050,false,16,0.47425632,7.49304868,20.85913900
1050,false,16,0.47433212,7.49258963,20.93109900
1050,false,16,0.48342986,7.53815763,21.52234500
1050,false,16,0.47770366,7.48465147,20.91980800
1050,false,16,0.47406731,7.49269204,20.85730700
1050,false,16,0.47676637,7.51358169,20.99536900
1050,false,16,0.47341692,7.49268064,20.85144800
1050,false,16,0.47439499,7.49252283,20.87866900
1050,false,16,0.47337588,7.48815416,20.81897800
1050,false,16,0.47583252,7.50191745,20.92316400
1050,false,16,0.47417155,7.49801800,20.88697100
1050,false,16,0.47880714,7.52694351,21.05097200
1050,false,16,0.47621641,7.51168222,21.00000700
1050,false,16,0.47401073,7.49023745,20.82917000
1050,false,16,0.47419651,7.49179152,20.85584200
1050,false,16,0.47690044,7.50775515,20.97614300
1050,false,16,0.47402876,7.49591146,20.87128400
1050,false,16,0.47351376,7.49282344,20.82672900
1050,false,16,0.47674249,7.48441300,20.88080600
1050,false,16,0.47707215,7.50512450,20.96430200
1050,false,16,0.47480173,7.49148525,20.82776600
1050,false,16,0.47930043,7.53835324,21.15766100
1050,false,16,0.47288502,7.49043717,20.83466400
1050,false,16,0.47405031,7.49432008,20.85517100
1050,false,16,0.47325742,7.49577564,20.85987100
1050,false,16,0.47412230,7.49486686,20.85578200
1050,false,16,0.48097249,7.54631829,21.27094200
1050,false,16,0.47725895,7.50651589,20.95551200
1050,false,16,0.47475952,7.49672319,20.86286200
1050,false,16,0.47423703,7.50017506,20.86420400
1050,false,16,0.47367622,7.49206540,20.84076700
1050,false,16,0.47335670,7.49525360,20.84272000
1050,false,16,0.47691231,7.52120057,21.00214400
1050,false,16,0.47630966,7.50296116,20.96210400
1050,false,16,0.47472145,7.49708503,20.84784700
1050,false,16,0.47709984,7.50324015,20.94709000
1050,false,16,0.47371889,7.49210511,20.82886500
1050,false,16,0.47651939,7.51465856,21.01160400
1050,false,16,0.47486933,7.49588800,20.87159000
1050,false,16,0.47572323,7.50965603,20.96381300
1050,false,16,0.47369457,7.49070923,20.88776300
1050,false,16,0.47342495,7.49032745,20.86335000
1050,false,16,0.47736593,7.50942116,20.99872600
1050,false,16,0.47569642,7.49348385,20.88648200
1050,false,16,0.47395015,7.49644541,20.86530300
1050,false,16,0.47456920,7.49917924,20.90515900
1050,false,16,0.47461606,7.49732028,20.86597400
1050,false,16,0.47561328,7.48362385,20.89350100
1050,false,16,0.47374770,7.49408327,20.85157000
1050,false,16,0.47497994,7.49327879,20.85541500
1050,false,16,0.47823035,7.51838248,21.03705500
1050,false,16,0.47428654,7.49675490,20.90277900
1050,false,16,0.47696381,7.51129990,21.03205100
1050,false,16,0.47376635,7.49199064,20.86286200
1050,false,16,0.47335525,7.49105010,20.87171200
1050,false,16,0.47543352,7.49973513,20.90412100
1050,false,16,0.47404524,7.49040626,20.87268800
1050,false,16,0.47413783,7.48965857,20.86457100
1050,false,16,0.47352945,7.49982532,20.88855800
1050,false,16,0.49027777,7.63777719,21.93610100
1050,false,16,0.47994389,7.54528432,21.19782200
1050,false,16,0.47458430,7.50355943,20.90692900
1050,false,16,0.47480317,7.49883682,20.95325500
1050,false,16,0.48506547,7.54486436,21.57776500
1050,false,16,0.47510973,7.51230906,20.95624600
1050,false,16,0.47335008,7.49583619,20.87262700
1050,false,16,0.47436763,7.49292242,20.85993200
1050,false,16,0.47437976,7.50005915,20.86823300
1050,false,16,0.47540147,7.50572779,20.95453600
1050,false,16,0.47822328,7.54627693,21.12238300
1050,false,16,0.47815755,7.50434454,21.00885700
1050,false,16,0.47409983,7.49965996,20.90442600
1050,false,16,0.47606422,7.51714761,20.99921400
1050,false,16,0.47592591,7.51027463,20.94757800
1050,false,16,0.47370668,7.49138258,20.87622800
1050,false,16,0.47486630,7.48596887,20.85297400
1050,false,16,0.47538402,7.51265634,20.94214600
1050,false,16,0.47407665,7.49732563,20.88800800
1050,false,16,0.47412770,7.49369221,20.88105000
1050,false,16,0.47556256,7.48843328,20.90271700
1050,false,16,0.47550854,7.50718795,20.94220700
1050,false,16,0.47433335,7.49174014,20.86139700
1050,false,16,0.47722018,7.51813735,20.98877700
1050,false,16,0.47536901,7.50618371,20.93671400
1050,false,16,0.47567779,7.49980386,20.89783500
1050,false,16,0.47416567,7.49055054,20.85859000
1050,false,16,0.47411150,7.49622965,20.85920000
1050,false,16,0.47407791,7.48805757,20.83893600
1050,false,16,0.47595422,7.51000330,20.96668200
1050,false,16,0.47403352,7.49251138,20.86048100
1050,false,16,0.47482309,7.49095755,20.88080600
1050,false,16,0.47420882,7.48938146,20.87543500
1050,false,16,0.47403913,7.49683067,20.89954400
1050,false,16,0.47683547,7.51001263,21.03907000
1050,false,16,0.47686708,7.51277791,21.01349600
1050,false,16,0.47301741,7.48550745,20.85938300
1050,false,16,0.47348708,7.49025715,20.85950500
1050,false,16,0.47377630,7.49551752,20.86170200
1050,false,16,0.47463930,7.48913136,20.87091800
1050,false,16,0.47386649,7.49363582,20.85968700
1050,false,16,0.47496725,7.51254298,20.96179900
1050,false,16,0.47516156,7.49686744,20.87726600
1050,false,16,0.47341541,7.48853382,20.85968800
1050,false,16,0.47555324,7.50654268,20.94721200
1050,false,16,0.47594239,7.51288249,20.99793200
1050,false,16,0.47410697,7.49390522,20.85486600
1050,false,16,0.47326611,7.49670236,20.87159000
1050,false,16,0.47504339,7.49395857,20.87000200
1050,false,16,0.47429436,7.49393971,20.86255700
1050,false,16,0.47478494,7.49356074,20.87073500
1050,false,16,0.47529941,7.50239276,20.91931900
1050,false,16,0.47396719,7.49264949,20.86829400
1050,false,16,0.47556866,7.49715307,20.88361300
1050,false,16,0.47381907,7.48671638,20.94873800
1050,false,16,0.47511325,7.51215970,20.96436300
1050,false,16,0.47548547,7.49968313,20.92658200
1050,false,16,0.47511460,7.51216240,20.98377200
1050,false,16,0.47758762,7.52322233,21.03241700
1050,false,16,0.47479525,7.49008202,20.88123300
1050,false,16,0.47489348,7.51130820,20.96070100
1050,false,16,0.47395479,7.49541427,20.87146800
1050,false,16,0.47559281,7.50971098,21.00287600
1050,false,16,0.47586174,7.52109294,21.03522400
1050,false,16,0.47492643,7.48496737,20.88251500
1050,false,16,0.48440824,7.52593203,21.50995500
1050,false,16,0.47668664,7.52883260,21.07099100
1050,false,16,0.47378212,7.49100732,20.84748100
1050,false,16,0.47396275,7.49263339,20.82380000
1050,false,16,0.47303472,7.49106841,20.85163200
1050,false,16,0.47323828,7.49219171,20.86554800
1050,false,16,0.47443495,7.48782750,20.85102100
1050,false,16,0.47461468,7.51564624,21.06458300
1050,false,16,0.47396711,7.49069653,20.86878200
1050,false,16,0.47591855,7.50772100,20.98072000
1050,false,16,0.47543189,7.48537655,20.91327600
1050,false,16,0.47384592,7.49101163,20.88227100
1050,false,16,0.47339576,7.49183235,20.88214900
1050,false,16,0.47447536,7.50265473,20.96656000
1050,false,16,0.47309779,7.49530106,20.84320900
1050,false,16,0.47410974,7.49260839,20.86646200
1050,false,16,0.47318238,7.48765677,20.85150900
1050,false,16,0.47415291,7.49425627,20.90869800
1050,false,16,0.47529409,7.49415394,20.88910700
1050,false,16,0.47527109,7.50121622,20.94080300
1050,false,16,0.47540755,7.51374492,21.00122800
1050,false,16,0.47407193,7.49406786,20.91535200
1050,false,16,0.47499612,7.49588419,20.89478300
1050,false,16,0.47546365,7.50288448,20.91663400
1050,false,16,0.47274801,7.48340849,20.85016700
1050,false,16,0.47560362,7.50436324,20.97003900
1050,false,16,0.47413317,7.49269187,20.88629900
1050,false,16,0.47306598,7.48610001,20.85858900
1050,false,16,0.50561802,7.61666412,22.91852000
1100,false,16,0.62443583,9.74708286,27.47362400
1100,false,16,0.62557617,9.81186432,27.44219000
1100,false,16,0.62585308,9.70847488,27.67711400
1100,false,16,0.60505841,9.51563280,26.11754800
1100,false,16,0.60102947,9.54940305,26.02227200
1100,false,16,0.60236137,9.56610018,26.06334900
1100,false,16,0.60340735,9.56680100,26.10747700
1100,false,16,0.60289956,9.57253084,26.09356100
1100,false,16,0.60667006,9.59151383,26.21923200
1100,false,16,0.60397780,9.53921215,26.14116900
1100,false,16,0.60285816,9.57678755,26.07647200
1100,false,16,0.60306392,9.57431688,26.09185200
1100,false,16,0.60319917,9.57794560,26.08269700
1100,false,16,0.60225113,9.56102111,26.04766300
1100,false,16,0.60233562,9.56629858,26.04650300
1100,false,16,0.60305513,9.57693457,26.07958500
1100,false,16,0.60275758,9.57038531,26.10338800
1100,false,16,0.60216879,9.56496596,26.05547500
1100,false,16,0.60129817,9.55759326,26.05498700
1100,false,16,0.60260362,9.56863138,26.10192300
1100,false,8,0.60259016,4.76957263,25.62060100
1100,false,8,0.60114994,4.76344048,25.51946600
1100,false,8,0.60216822,4.77125999,25.60412100
1100,false,8,0.62128133,4.92797995,26.45476700
1100,false,8,0.60150147,4.76418593,25.47466700
1100,false,8,0.60510191,4.79924272,25.88640900
1100,false,8,0.60176385,4.76713319,25.57482500
1100,false,8,0.60177502,4.76787454,25.52758400
1100,false,8,0.60141757,4.76448444,25.52776700
1100,false,8,0.60146446,4.76639335,25.48730100
1100,false,8,0.60147551,4.76494030,25.52654600
1100,false,8,0.60153419,4.76722299,25.50732000
1100,false,8,0.60132429,4.76385953,25.47643600
1100,false,8,0.60105239,4.76215692,25.53698300
1100,false,8,0.60172616,4.76786665,25.52672900
1100,false,8,0.60172287,4.76769268,25.52404300
1100,false,8,0.60213055,4.76992500,25.56676800
1100,false,8,0.60126109,4.76498800,25.52685200
1100,false,8,0.60199011,4.76899402,25.55730800
1100,false,8,0.60158204,4.76648054,25.56151900
1100,false,4,1.20202558,4.77817562,33.37961400
1100,false,4,1.19305612,4.76071341,33.20847200
1100,false,4,1.19249451,4.75856039,33.05289400
1100,false,4,1.20104307,4.77522155,33.54703400
1100,false,4,1.19951570,4.76892493,33.23184900
1100,false,4,1.19962587,4.76918558,33.22092300
1100,false,4,1.19322478,4.76146035,33.12723500
1100,false,4,1.19995900,4.77074682,33.19809600
1100,false,4,1.19936151,4.76814460,33.17038600
1100,false,4,1.19350471,4.76247789,33.09445900
1100,false,4,1.19391041,4.76425406,33.08969800
1100,false,4,1.19380155,4.76371973,33.05991300
1100,false,4,1.19457347,4.76676049,33.06705400
1100,false,4,1.19912135,4.76741009,33.14023500
1100,false,4,1.19526520,4.76830949,33.14328700
1100,false,4,1.19431570,4.76586862,33.06125600
1100,false,4,1.19415893,4.76517228,33.08359400
1100,false,4,1.20264806,4.78142832,33.49936500
1100,false,4,1.19368027,4.76324289,33.08444900
1100,false,4,1.19864992,4.76538085,33.11331900
1100,false,12,0.60165630,7.10372737,25.47289600
1100,false,12,0.60008337,7.09816579,25.36004300
1100,false,12,0.60024681,7.09612656,25.35296300
1100,false,12,0.60046926,7.09685230,25.34936100
1100,false,12,0.60113763,7.10328002,25.35656300
1100,false,12,0.60100707,7.12680616,25.64129200
1100,false,12,0.60024641,7.09997521,25.40179000
1100,false,12,0.60065573,7.09889211,25.42150500
1100,false,12,0.60131728,7.10325240,25.41613400
1100,false,12,0.60001171,7.10039934,25.43304000
1100,false,12,0.60116138,7.10471219,25.43542100
1100,false,12,0.60076273,7.09928183,25.41723200
1100,false,12,0.60099561,7.10218271,25.43011000
1100,false,12,0.60031806,7.09854820,25.44433200
1100,false,12,0.60015971,7.09492045,25.39703000
1100,false,12,0.60085965,7.10187776,25.38225900
1100,false,12,0.60097027,7.10179793,25.38830200
1100,false,12,0.60180741,7.10681739,25.46532800
1100,false,12,0.60012883,7.10212332,25.41283700
1100,false,12,0.60072152,7.10073426,25.38671500
1100,false,16,0.60050246,9.52184681,25.83172100
1100,false,16,0.60182036,9.56198047,25.86181100
1100,false,16,0.60253396,9.53864629,25.85283900
1100,false,16,0.60227193,9.56648938,25.87713100
1100,false,16,0.60747993,9.58938419,26.00567100
1100,false,16,0.60311449,9.57850610,25.91259200
1100,false,16,0.60144725,9.54953029,25.87481200
1100,false,16,0.60283614,9.57422486,25.90404800
1100,false,16,0.60247688,9.57128369,25.92461600
1100,false,16,0.60323577,9.58004028,25.95208200
1100,false,16,0.60890305,9.58580782,26.02331000
1100,false,16,0.60140222,9.55893297,25.88732400
1100,false,16,0.60255691,9.57294217,25.88982600
1100,false,16,0.60237403,9.57167822,25.92724100
1100,false,16,0.60242574,9.57021488,25.94390400
1100,false,16,0.60210623,9.56700667,25.91906200
1100,false,16,0.60189067,9.56519090,25.87822900
1100,false,16,0.60243843,9.57116916,25.92699700
1100,false,16,0.60272003,9.57721370,25.92986500
1100,false,16,0.60615773,9.57382485,26.04906600
1100,false,14,0.61515785,8.47542932,26.60540100
1100,false,14,0.60278562,8.31817541,25.98839800
1100,false,14,0.60485003,8.32842605,26.03801900
1100,false,14,0.60762429,8.38662334,26.32213800
1100,false,14,0.59807187,8.25274040,25.69634600
1100,false,14,0.59847660,8.24886345,25.69543000
1100,false,14,0.59975499,8.25172777,25.71868400
1100,false,14,0.59967166,8.25257710,25.73284400
1100,false,14,0.59863591,8.25251406,25.72405500
1100,false,14,0.59981493,8.24988312,25.71831800
1100,false,14,0.59884793,8.24967135,25.70928500
1100,false,14,0.59790033,8.24534339,25.66820900
1100,false,14,0.59859869,8.24613571,25.70476800
1100,false,14,0.59657134,8.24403385,25.68584700
1100,false,14,0.59852066,8.25220682,25.71758500
1100,false,14,0.59855323,8.25224349,25.71960000
1100,false,14,0.59872843,8.24700753,25.71190900
1100,false,14,0.59788441,8.24649728,25.70305900
1100,false,14,0.59868493,8.25369978,25.71453300
1100,false,14,0.59934912,8.25336374,25.72930400
1100,false,13,0.61926555,7.66668558,26.02733800
1100,false,13,0.61496650,7.68660509,25.87798600
1100,false,13,0.60156955,7.68925018,25.67028300
1100,false,13,0.59907718,7.66560767,25.68181900
1100,false,13,0.59964558,7.67027678,25.68737300
1100,false,13,0.60636038,7.67668231,25.78228300
1100,false,13,0.60001275,7.67030863,25.69414800
1100,false,13,0.59962117,7.66872592,25.70952900
1100,false,13,0.59953254,7.67195303,25.70080100
1100,false,13,0.60013502,7.67759512,25.70324200
1100,false,13,0.59933200,7.66979128,25.70360900
1100,false,13,0.59995246,7.67454563,25.71099400
1100,false,13,0.59994953,7.67135601,25.71136000
1100,false,13,0.59656132,7.66454239,25.63903400
1100,false,13,0.60001864,7.67211576,25.71581600
1100,false,13,0.60003175,7.67168064,25.72375000
1100,false,13,0.59972436,7.67103679,25.69298900
1100,false,13,0.60024209,7.67598918,25.68456600
1100,false,13,0.60090209,7.67998122,25.71886700
1100,false,13,0.60038087,7.67545616,25.73290600
1100,false,12.5,0.62398582,8.02358147,27.55516700
1100,false,12.5,0.63106674,8.11752820,28.28087200
1100,false,12.5,0.63330276,8.15740363,28.40349100
1100,false,12.5,0.63419442,8.10883185,27.70860800
1100,false,12.5,0.59909321,7.67897940,25.74364800
1100,false,12.5,0.59911054,7.67122485,25.73522500
1100,false,12.5,0.60407638,7.66146436,25.77740000
1100,false,12.5,0.60001570,7.67273626,25.73278300
1100,false,12.5,0.59954525,7.67083317,25.74187800
1100,false,12.5,0.59970043,7.66712250,25.74615000
1100,false,12.5,0.59915010,7.66843361,25.74102300
1100,false,12.5,0.60119787,7.73087400,26.01128600
1100,false,12.5,0.60041431,7.67431129,25.77593500
1100,false,12.5,0.59948393,7.67716535,25.70183800
1100,false,12.5,0.59983631,7.67547821,25.67077200
1100,false,12.5,0.59897733,7.66931763,25.65801500
1100,false,12.5,0.59993350,7.67161742,25.69524700
1100,false,12.5,0.60045475,7.67664024,25.76732900
1100,false,12.5,0.59921295,7.67078579,25.74499000
1100,false,12.5,0.59934929,7.67849165,25.76446100
1100,false,12.146446609406727,0.59970046,7.09009705,25.73046400
1100,false,12.146446609406727,0.59397268,7.05825144,25.59270800
1100,false,12.146446609406727,0.59394000,7.06007411,25.56670700
1100,false,12.146446609406727,0.59411826,7.06315756,25.58575000
1100,false,12.146446609406727,0.59381719,7.06127027,25.58916800
1100,false,12.146446609406727,0.59296183,7.05571237,25.55102100
1100,false,12.146446609406727,0.59401524,7.05670222,25.61535200
1100,false,12.146446609406727,0.59405653,7.05740020,25.56133600
1100,false,12.146446609406727,0.59427335,7.06470302,25.64220700
1100,false,12.146446609406727,0.59373263,7.06705644,25.56627900
1100,false,12.146446609406727,0.59408181,7.05465604,25.55150900
1100,false,12.146446609406727,0.59312721,7.06286316,25.58037900
1100,false,12.146446609406727,0.59525753,7.06153461,25.55956600
1100,false,12.146446609406727,0.59414378,7.06059193,25.57616700
1100,false,12.146446609406727,0.59432707,7.06083211,25.62401900
1100,false,12.146446609406727,0.59415977,7.05637734,25.62713200
1100,false,12.146446609406727,0.59418895,7.05682244,25.59557700
1100,false,12.146446609406727,0.59405374,7.06116085,25.59569900
1100,false,12.146446609406727,0.59505217,7.06631827,25.70177700
1100,false,12.146446609406727,0.59373832,7.05113073,25.55328000
1100,false,11.849144830656046,0.59390020,7.05572780,25.53527400
1100,false,11.849144830656046,0.59305830,7.05431193,25.59539400
1100,false,11.849144830656046,0.59425249,7.05733115,25.62707100
1100,false,11.849144830656046,0.59409683,7.05900511,25.58105000
1100,false,11.849144830656046,0.59416241,7.05989293,25.54223100
1100,false,11.849144830656046,0.59416918,7.06027037,25.51147000
1100,false,11.849144830656046,0.59359388,7.05576529,25.46300800
1100,false,11.849144830656046,0.59288264,7.05632395,25.51745200
1100,false,11.849144830656046,0.59692917,7.06562725,25.62713200
1100,false,11.849144830656046,0.59396641,7.05524234,25.53918000
1100,false,11.849144830656046,0.59348222,7.05664268,25.57036900
1100,false,11.849144830656046,0.59404680,7.05744230,25.55712400
1100,false,11.849144830656046,0.59491499,7.07169168,25.62432400
1100,false,11.849144830656046,0.59385536,7.05869471,25.56658500
1100,false,11.849144830656046,0.59400026,7.06612506,25.63628700
1100,false,11.849144830656046,0.59253061,7.05443462,25.59215800
1100,false,11.849144830656046,0.59376707,7.06360013,25.60369400
1100,false,11.849144830656046,0.59327466,7.06033930,25.54064500
1100,false,11.849144830656046,0.60742250,7.22161698,26.37670200
1100,false,11.849144830656046,0.59362260,7.05736352,25.63518800
1150,false,11.576517897489731,0.80013864,9.47853920,35.30435300
1150,false,11.576517897489731,0.78451468,9.31191543,34.68326100
1150,false,11.576517897489731,0.79399144,9.33250208,34.81106900
1150,false,11.576517897489731,0.78640109,9.34175070,34.62533800
1150,false,11.576517897489731,0.78637208,9.31638766,34.49527300
1150,false,11.576517897489731,0.78711840,9.32004790,34.52981900
1150,false,11.576517897489731,0.78034941,9.26497420,34.50754200
1150,false,11.576517897489731,0.78943013,9.38052916,34.73685000
1150,false,11.576517897489731,0.78112760,9.28440202,34.47995300
1150,false,11.576517897489731,0.78538167,9.30039010,34.48190600
1150,false,11.576517897489731,0.78706599,9.33315383,34.60971400
1150,false,11.576517897489731,0.78306176,9.31057958,34.61899100
1150,false,11.576517897489731,0.78182565,9.29927657,34.66934500
1150,false,11.576517897489731,0.79019383,9.38403662,34.88485900
1150,false,11.576517897489731,0.78196565,9.29213820,34.51437700
1150,false,11.576517897489731,0.79418593,9.28447655,34.63736300
1150,false,11.576517897489731,0.78548232,9.29213415,34.55026500
1150,false,11.576517897489731,0.78351720,9.30010349,34.46530500
1150,false,11.576517897489731,0.78855084,9.36133120,34.77914700
1150,false,11.576517897489731,0.78944990,9.36494844,34.80105800
1150,false,3.5765178974897314,1.52075786,5.84503997,46.26953500
1150,false,3.5765178974897314,1.51957422,5.82893278,43.91633000
1150,false,3.5765178974897314,1.52016366,5.82953193,43.47925900
1150,false,3.5765178974897314,1.52033071,5.82957912,43.48798700
1150,false,3.5765178974897314,1.52006175,5.82904115,43.45234200
1150,false,3.5765178974897314,1.52086430,5.83010542,43.45856800
1150,false,3.5765178974897314,1.48971799,5.82912821,43.06464800
1150,false,3.5765178974897314,1.49000806,5.83016291,43.06464800
1150,false,3.5765178974897314,1.46275686,5.83243073,42.73194600
1150,false,3.5765178974897314,1.52874345,5.84004376,43.78736300
1150,false,3.5765178974897314,1.48338621,5.83140352,42.89979300
1150,false,3.5765178974897314,1.52028999,5.83334667,43.67371600
1150,false,3.5765178974897314,1.52087169,5.83041976,43.43702300
1150,false,3.5765178974897314,1.46335513,5.83260265,42.62617300
1150,false,3.5765178974897314,1.46465909,5.83480759,42.61811500
1150,false,3.5765178974897314,1.52085589,5.83113773,43.33149300
1150,false,3.5765178974897314,1.52088607,5.83082273,43.40595500
1150,false,3.5765178974897314,1.52040109,5.83005811,43.27778200
1150,false,3.5765178974897314,1.46364777,5.83340000,42.62824800
1150,false,3.5765178974897314,1.48988028,5.83125021,42.88209200
1150,false,7.576517897489731,0.81590123,6.47345277,35.09646800
1150,false,7.576517897489731,0.82436080,6.47177835,35.01712300
1150,false,7.576517897489731,0.81543161,6.47313418,35.04995900
1150,false,7.576517897489731,0.82430015,6.47426416,35.08261300
1150,false,7.576517897489731,0.81574225,6.47471068,35.06326500
1150,false,7.576517897489731,0.82451829,6.47326098,35.16647500
1150,false,7.576517897489731,0.83044719,6.47162205,35.22512900
1150,false,7.576517897489731,0.81679387,6.48278910,35.18863100
1150,false,7.576517897489731,0.81569921,6.47441776,35.00082600
1150,false,7.576517897489731,0.81521129,6.47095379,35.06332600
1150,false,7.576517897489731,0.81554661,6.47239015,34.98544500
1150,false,7.576517897489731,0.81602158,6.47584363,35.09378200
1150,false,7.576517897489731,0.81660982,6.48895072,35.17990200
1150,false,7.576517897489731,0.81606523,6.47526927,34.98715400
1150,false,7.576517897489731,0.81907907,6.51234473,35.40060500
1150,false,7.576517897489731,0.82035159,6.51082330,35.27414000
1150,false,7.576517897489731,0.82445808,6.50238105,35.54879900
1150,false,7.576517897489731,0.81589527,6.47673426,35.17874300
1150,false,7.576517897489731,0.81562805,6.47916371,35.20669700
1150,false,7.576517897489731,0.81694689,6.47668066,35.12369000
1150,false,9.576517897489731,0.79648815,7.86467035,34.34915600
1150,false,9.576517897489731,0.79172292,7.84875289,34.24680000
1150,false,9.576517897489731,0.79131691,7.84972542,34.17410700
1150,false,9.576517897489731,0.79007990,7.83240945,34.12094500
1150,false,9.576517897489731,0.79638393,7.87403854,34.29214800
1150,false,9.576517897489731,0.79467557,7.84447602,34.22214200
1150,false,9.576517897489731,0.79396823,7.87767391,34.35287900
1150,false,9.576517897489731,0.78914081,7.82949588,34.17435100
1150,false,9.576517897489731,0.79046899,7.84609433,34.19015900
1150,false,9.576517897489731,0.79041384,7.84267679,34.26126500
1150,false,9.576517897489731,0.79498313,7.84082372,34.20340300
1150,false,9.576517897489731,0.78827474,7.82666528,34.16153400
1150,false,9.576517897489731,0.79196804,7.83759090,34.24087900
1150,false,9.576517897489731,0.79394372,7.86920444,34.27554700
1150,false,9.576517897489731,0.78811811,7.83054309,34.20730900
1150,false,9.576517897489731,0.79047965,7.83139144,34.26089900
1150,false,9.576517897489731,0.79083774,7.84539106,34.36691700
1150,false,9.576517897489731,0.79348031,7.87256118,34.57242100
1150,false,9.576517897489731,0.78857126,7.81014149,34.08670500
1150,false,9.576517897489731,0.79566094,7.85394989,34.38595900
1150,false,10.576517897489731,0.79009509,8.58743214,34.35800600
1150,false,10.576517897489731,0.78707443,8.56118013,34.30405100
1150,false,10.576517897489731,0.78262293,8.53777354,34.10733400
1150,false,10.576517897489731,0.78247368,8.54656311,34.08060100
1150,false,10.576517897489731,0.78540700,8.53065214,34.03415300
1150,false,10.576517897489731,0.78096289,8.51222185,33.83286000
1150,false,10.576517897489731,0.78418840,8.52615519,33.94736200
1150,false,10.576517897489731,0.78126303,8.52868161,33.93692500
1150,false,10.576517897489731,0.78589102,8.54320159,34.10275700
1150,false,10.576517897489731,0.78134150,8.51766908,33.98514200
1150,false,10.576517897489731,0.78512545,8.54735734,34.11392600
1150,false,10.576517897489731,0.78194925,8.54087699,34.14236800
1150,false,10.576517897489731,0.78164664,8.53393167,34.03476400
1150,false,10.576517897489731,0.78883888,8.57009819,34.43344400
1150,false,10.576517897489731,0.78302537,8.54466592,34.21475600
1150,false,10.576517897489731,0.78428372,8.53631939,34.07553500
1150,false,10.576517897489731,0.78401243,8.54585025,34.21817500
1150,false,10.576517897489731,0.78301308,8.54190364,34.05185400
1150,false,10.576517897489731,0.78110070,8.52983567,34.00589400
1150,false,10.576517897489731,0.78174519,8.53341662,34.19144100
1150,false,11.076517897489731,0.78196164,8.53947400,34.01443900
1150,false,11.076517897489731,0.78482148,8.55430272,34.16019100
1150,false,11.076517897489731,0.81885732,8.51895400,34.44290500
1150,false,11.076517897489731,0.78647464,8.57478501,34.26895500
1150,false,11.076517897489731,0.78378018,8.52913100,34.08243200
1150,false,11.076517897489731,0.78408854,8.53956746,34.18546000
1150,false,11.076517897489731,0.78167136,8.53959534,34.11795500
1150,false,11.076517897489731,0.78255507,8.53293724,34.17551100
1150,false,11.076517897489731,0.80297544,8.71571671,35.15506200
1150,false,11.076517897489731,0.78252863,8.53908765,34.28244400
1150,false,11.076517897489731,0.81284626,8.53106121,34.66073900
1150,false,11.076517897489731,0.80173492,8.70556228,34.37979400
1150,false,11.076517897489731,0.78198644,8.53410025,34.09268600
1150,false,11.076517897489731,0.78135313,8.52825484,34.17630400
1150,false,11.076517897489731,0.78630191,8.54365073,34.29282000
1150,false,11.076517897489731,0.78523566,8.54201386,34.28964600
1150,false,11.076517897489731,0.78268740,8.53879968,34.29227100
1150,false,11.076517897489731,0.79239280,8.63640966,34.14853300
1150,false,11.076517897489731,0.78546159,8.52864135,34.09293000
1150,false,11.076517897489731,0.78137831,8.52441391,34.14896100
1150,false,11.430071288083004,0.78452374,8.54562770,34.24734900
1150,false,11.430071288083004,0.78536082,8.54551847,34.26102000
1150,false,11.430071288083004,0.81940074,8.49491438,34.56937000
1150,false,11.430071288083004,0.78895450,8.59199719,34.32437500
1150,false,11.430071288083004,0.78210297,8.53843693,34.25125500
1150,false,11.430071288083004,0.78353325,8.54191115,34.27103100
1150,false,11.430071288083004,0.78305654,8.53739820,34.22055500
1150,false,11.430071288083004,0.78181543,8.52165753,34.17032200
1150,false,11.430071288083004,0.78674882,8.55026547,34.28024600
1150,false,11.430071288083004,0.80156969,8.72491395,35.23794700
1150,false,11.430071288083004,0.79595081,8.68104442,34.94058500
1150,false,11.430071288083004,0.78181434,8.53291877,34.29794700
1150,false,11.430071288083004,0.78433360,8.52144755,34.23404300
1150,false,11.430071288083004,0.78503660,8.55632362,34.28445800
1150,false,11.430071288083004,0.78120868,8.52562767,34.26376800
1150,false,11.430071288083004,0.78419560,8.53170921,34.27396000
1150,false,11.430071288083004,0.77966735,8.49924286,34.14749500
1150,false,11.430071288083004,0.81923233,8.49302265,34.58560500
1150,false,11.430071288083004,0.78864984,8.57336958,34.30594200
1150,false,11.430071288083004,0.78132620,8.52727506,34.26584300
1150,false,11.727373066833685,0.75690961,8.91496829,33.33969700
1150,false,11.727373066833685,0.75781820,8.92260465,33.35886200
1150,false,11.727373066833685,0.75958972,8.92139461,33.34067400
1150,false,11.727373066833685,0.76206893,8.92851543,33.33585200
1150,false,11.727373066833685,0.75682136,8.91310414,33.29617900
1150,false,11.727373066833685,0.75847449,8.90945453,33.26364800
1150,false,11.727373066833685,0.75754939,8.91335437,33.41519800
1150,false,11.727373066833685,0.75749211,8.91391623,33.42050800
1150,false,11.727373066833685,0.75702819,8.92890791,33.34775400
1150,false,11.727373066833685,0.75975650,8.93491976,33.46457500
1150,false,11.727373066833685,0.77373782,8.92923068,33.63449600
1150,false,11.727373066833685,0.76575536,8.98612463,33.51114500
1150,false,11.727373066833685,0.76129811,8.94707863,33.44840100
1150,false,11.727373066833685,0.76420813,8.95743639,33.40653000
1150,false,11.727373066833685,0.76134802,8.91224807,33.36545400
1150,false,11.727373066833685,0.76543369,8.97299201,33.55332000
1150,false,11.727373066833685,0.76014511,8.92543433,33.36557600
1150,false,11.727373066833685,0.76548397,8.96286526,33.39731500
1150,false,11.727373066833685,0.76178826,8.91799433,33.40317400
1150,false,11.727373066833685,0.75998188,8.92671936,33.42136200
1150,false,12,0.75774028,8.91691937,33.13657300
1150,false,12,0.75959972,8.92681779,33.33249500
1150,false,12,0.76273728,8.93942277,33.39774200
1150,false,12,0.75733975,8.93681394,33.42850300
1150,false,12,0.75794204,8.92405403,33.32395000
1150,false,12,0.75724192,8.91529335,33.34573900
1150,false,12,0.75704553,8.91236279,33.44589800
1150,false,12,0.75953908,8.92209744,33.40305200
1150,false,12,0.76583685,9.00749754,33.77499900
1150,false,12,0.76782999,8.98948586,33.71439100
1150,false,12,0.75933759,8.90976434,33.35318600
1150,false,12,0.75928853,8.90517555,33.36844500
1150,false,12,0.75799545,8.94899594,33.28745200
1150,false,12,0.76139018,8.93455865,33.42209500
1150,false,12,0.75630031,8.92668218,33.34751000
1150,false,12,0.76538466,8.93494978,33.54422600
1150,false,12,0.76071145,8.96430593,33.61197400
1150,false,12,0.75762861,8.90602621,33.33194600
1150,false,12,0.75909322,8.91677683,33.31400100
1150,false,12,0.76358563,8.95131286,33.52475500
1150,false,12.261068445606853,0.76094825,8.94201501,33.34104000
1150,false,12.261068445606853,0.75886178,8.92351695,33.38919600
1150,false,12.261068445606853,0.76047339,8.94993870,33.52145900
1150,false,12.261068445606853,0.75757768,8.92019370,33.25394300
1150,false,12.261068445606853,0.76855485,8.96959003,33.62369400
1150,false,12.261068445606853,0.75696882,8.94370737,33.44235800
1150,false,12.261068445606853,0.75634044,8.94733328,33.47074000
1150,false,12.261068445606853,0.75960157,8.93092259,33.46890900
1150,false,12.261068445606853,0.76660849,8.96241040,33.66800400
1150,false,12.261068445606853,0.76027935,8.93446203,33.42874800
1150,false,12.261068445606853,0.76068652,8.91259479,33.36813900
1150,false,12.261068445606853,0.78972834,9.36000422,35.73361200
1150,false,12.261068445606853,0.78013974,9.26323625,34.61764900
1150,false,12.261068445606853,0.77017148,9.08387674,33.69418900
1150,false,12.261068445606853,0.76430542,9.06055490,33.48795100
1150,false,12.261068445606853,0.76529693,9.06214173,33.51999500
1150,false,12.261068445606853,0.76742560,9.06848577,33.56851800
1150,false,12.261068445606853,0.76771243,9.06506566,33.53983100
1150,false,12.261068445606853,0.77162254,9.10637391,33.77744000
1150,false,12.261068445606853,0.78195851,9.13304300,33.96194900
1200,false,12.516542732770382,0.81233462,10.31178762,34.32138400
1200,false,12.516542732770382,0.80334845,10.28469731,34.19296600
1200,false,12.516542732770382,0.80945975,10.30026389,34.27707300
1200,false,12.516542732770382,0.80555346,10.31263347,34.25101100
1200,false,12.516542732770382,0.80959453,10.31246557,34.29733700
1200,false,12.516542732770382,0.82145398,10.58759430,35.42086900
1200,false,12.516542732770382,0.81288930,10.38148540,34.68905900
1200,false,12.516542732770382,0.81166913,10.30700174,34.36954100
1200,false,12.516542732770382,0.80980095,10.31697888,34.30521000
1200,false,12.516542732770382,0.81036997,10.30776379,34.34579900
1200,false,12.516542732770382,0.80684397,10.29166724,34.42947700
1200,false,12.516542732770382,0.82221238,10.30770151,34.47458200
1200,false,12.516542732770382,0.81488416,10.37645317,34.26218100
1200,false,12.516542732770382,0.80884807,10.31036876,34.36581800
1200,false,12.516542732770382,0.80668140,10.30233551,34.25668700
1200,false,12.516542732770382,0.82167378,10.30743967,34.45407500
1200,false,12.516542732770382,0.81555108,10.36427606,34.41727000
1200,false,12.516542732770382,0.80579353,10.31618011,34.20975100
1200,false,12.516542732770382,0.80428845,10.30128537,34.19937600
1200,false,12.516542732770382,0.80889426,10.30749667,34.27676800
1200,false,12.263820411257457,0.81482810,9.50036601,34.24820300
1200,false,12.263820411257457,0.80887041,9.51766425,34.32059100
1200,false,12.263820411257457,0.80185126,9.46321070,33.97885600
1200,false,12.263820411257457,0.80091773,9.46692180,33.95822600
1200,false,12.263820411257457,0.81394644,9.48521939,34.16128900
1200,false,12.263820411257457,0.81724678,9.53132332,34.21085000
1200,false,12.263820411257457,0.81561564,9.50779092,34.18759600
1200,false,12.263820411257457,0.81136214,9.50752599,34.33060000
1200,false,12.263820411257457,0.81534294,9.49712321,34.18625300
1200,false,12.263820411257457,0.81141985,9.53237579,34.11581800
1200,false,12.263820411257457,0.81375421,9.48363961,34.11270600
1200,false,12.263820411257457,0.81595576,9.52273878,34.22494900
1200,false,12.263820411257457,0.81570316,9.50069042,34.20163400
1200,false,12.263820411257457,0.81837887,9.53361996,34.20077900
1200,false,12.263820411257457,0.81177760,9.51753193,34.12814700
1200,false,12.263820411257457,0.81211661,9.50419520,34.18948800
1200,false,12.263820411257457,0.80190977,9.45732651,34.02316700
1200,false,12.263820411257457,0.81412851,9.50378943,34.17850100
1200,false,12.263820411257457,0.81546808,9.50378848,34.17142100
1200,false,12.263820411257457,0.81324448,9.53654061,34.14389400
1200,false,12.012462935979256,0.81321621,9.48426831,34.13351900
1200,false,12.012462935979256,0.80224801,9.50940666,34.02066500
1200,false,12.012462935979256,0.80725044,9.56039006,34.43796100
1200,false,12.012462935979256,0.80080490,9.47997598,34.04947300
1200,false,12.012462935979256,0.80193441,9.45908328,34.01382900
1200,false,12.012462935979256,0.81398266,9.48617378,34.11691700
1200,false,12.012462935979256,0.81443106,9.53337647,34.08621600
1200,false,12.012462935979256,0.80144413,9.45945871,33.97324100
1200,false,12.012462935979256,0.80337658,9.48652506,34.04276000
1200,false,12.012462935979256,0.80815505,9.50183659,34.09470100
1200,false,12.012462935979256,0.81368208,9.48750075,34.15085300
1200,false,12.012462935979256,0.81692958,9.51948205,34.12808600
1200,false,12.012462935979256,0.80649176,9.51557417,34.02542600
1200,false,12.012462935979256,0.80150603,9.46095142,33.97482800
1200,false,12.012462935979256,0.81361423,9.48415582,34.06595200
1200,false,12.012462935979256,0.81746134,9.52651488,34.30136500
1200,false,12.012462935979256,0.81071794,9.53838703,34.04861900
1200,false,12.012462935979256,0.81024489,9.50572398,34.11594100
1200,false,12.012462935979256,0.81407800,9.48919249,34.09970500
1200,false,12.012462935979256,0.81539914,9.52599091,34.15695600
1200,false,11.761785117216705,0.80349757,9.48706514,34.00906800
1200,false,11.761785117216705,0.81421557,9.49607326,34.16513500
1200,false,11.761785117216705,0.81671005,9.51623437,34.15091300
1200,false,11.761785117216705,0.81785853,9.53410974,34.17642600
1200,false,11.761785117216705,0.80491521,9.49985007,33.99155100
1200,false,11.761785117216705,0.80236648,9.46662189,33.99918000
1200,false,11.761785117216705,0.80834316,9.49777784,34.12466800
1200,false,11.761785117216705,0.80201485,9.48043789,34.04062400
1200,false,11.761785117216705,0.81399800,9.48472758,34.15030400
1200,false,11.761785117216705,0.81702307,9.51909858,34.17660900
1200,false,11.761785117216705,0.81698582,9.50971463,34.55087500
1200,false,11.761785117216705,0.81929763,9.54011079,34.16660000
1200,false,11.761785117216705,0.81565741,9.50122877,34.13345800
1200,false,11.761785117216705,0.81337704,9.54163499,34.12711000
1200,false,11.761785117216705,0.81317279,9.48574448,34.12228800
1200,false,11.761785117216705,0.81712112,9.52140645,34.15384300
1200,false,11.761785117216705,0.81196052,9.52946211,34.09164800
1200,false,11.761785117216705,0.81232829,9.65853026,34.74606600
1200,false,11.761785117216705,0.80776572,9.57208159,34.42038300
1200,false,11.761785117216705,0.80195995,9.46387791,33.98080900
1200,false,11.511446437243679,0.80239966,9.46736857,33.99136900
1200,false,11.511446437243679,0.80601577,9.49726914,34.08072300
1200,false,11.511446437243679,0.80198009,9.46338859,33.97440000
1200,false,11.511446437243679,0.80160297,9.47724856,34.15549100
1200,false,11.511446437243679,0.80233849,9.49257100,34.03940200
1200,false,11.511446437243679,0.80927042,9.50496067,34.06515900
1200,false,11.511446437243679,0.81407430,9.49134724,34.12949100
1200,false,11.511446437243679,0.80470145,9.49429184,34.01456200
1200,false,11.511446437243679,0.80122118,9.47823677,34.08011300
1200,false,11.511446437243679,0.81082674,9.50034595,34.13589900
1200,false,11.511446437243679,0.80258019,9.47568689,34.06863800
1200,false,11.511446437243679,0.80247248,9.46771785,34.03299400
1200,false,11.511446437243679,0.81275541,9.48287366,34.09970500
1200,false,11.511446437243679,0.81441107,9.49737604,34.17526700
1200,false,11.511446437243679,0.81672760,9.51525115,34.15945800
1200,false,11.511446437243679,0.80345832,9.51571661,33.98868300
1200,false,11.511446437243679,0.81100419,9.49829688,34.12881900
1200,false,11.511446437243679,0.80288492,9.46450276,34.01297500
1200,false,11.511446437243679,0.81359043,9.47933530,34.10922700
1200,false,11.511446437243679,0.80831602,9.52375219,34.02292300
1200,false,11.261277154570413,0.80655776,8.68153195,33.93515500
1200,false,11.261277154570413,0.80748752,8.68865309,34.11923700
1200,false,11.261277154570413,0.80708778,8.67973757,33.92221500
1200,false,11.261277154570413,0.80788731,8.69950251,33.97855100
1200,false,11.261277154570413,0.80774763,8.68588505,34.03452000
1200,false,11.261277154570413,0.80821974,8.69453002,33.94528600
1200,false,11.261277154570413,0.83107970,9.03348307,36.13961700
1200,false,11.261277154570413,0.84362659,9.16225684,37.29824400
1200,false,11.261277154570413,0.85203732,9.30371781,37.41305100
1200,false,11.261277154570413,0.80708486,8.68632785,33.98911000
1200,false,11.261277154570413,0.80798263,8.69701896,33.99173400
1200,false,11.261277154570413,0.80629660,8.68787954,34.07120100
1200,false,11.261277154570413,0.80768304,8.68798403,33.97934400
1200,false,11.261277154570413,0.80796840,8.68557592,33.96060600
1200,false,11.261277154570413,0.81006110,8.74877401,34.32291000
1200,false,11.261277154570413,0.80711245,8.68360967,33.94846000
1200,false,11.261277154570413,0.80717342,8.68672473,33.92905100
1200,false,11.261277154570413,0.80792385,8.68807509,33.93625400
1200,false,11.261277154570413,0.80946058,8.69686281,33.98459400
1200,false,11.261277154570413,0.80761537,8.68750336,33.94345600
1200,false,11.011192527557242,0.80602797,8.67978309,33.93100400
1200,false,11.011192527557242,0.80799743,8.68975510,34.12607200
1200,false,11.011192527557242,0.80663598,8.67614870,33.91635600
1200,false,11.011192527557242,0.80554875,8.67263359,33.89273600
1200,false,11.011192527557242,0.80761136,8.69070863,33.96286500
1200,false,11.011192527557242,0.80908426,8.69130209,33.97800100
1200,false,11.011192527557242,0.80829858,8.69494733,33.99747200
1200,false,11.011192527557242,0.80817316,8.69685688,33.97659700
1200,false,11.011192527557242,0.80800042,8.68809603,33.96524500
1200,false,11.011192527557242,0.80732006,8.69275350,33.92007900
1200,false,11.011192527557242,0.80189321,8.67828484,33.86826100
1200,false,11.011192527557242,0.80729805,8.67639590,33.90237900
1200,false,11.011192527557242,0.80778058,8.69170164,33.97220300
1200,false,11.011192527557242,0.80804847,8.69083870,33.96231500
1200,false,11.011192527557242,0.80750362,8.68598499,33.97800100
1200,false,11.011192527557242,0.82011046,8.70316878,34.12381400
1200,false,11.011192527557242,0.81124955,8.73341477,33.91940800
1200,false,11.011192527557242,0.81340091,8.69396341,34.03629000
1200,false,11.011192527557242,0.81104997,8.72644808,33.94656900
1200,false,11.011192527557242,0.80730547,8.69110822,34.07425400
1200,false,10.761150217630917,0.80872318,8.70480685,33.98941500
1200,false,10.761150217630917,0.80755469,8.69479244,33.95706700
1200,false,10.761150217630917,0.80874662,8.69766418,33.97098300
1200,false,10.761150217630917,0.80852407,8.69903655,33.96823500
1200,false,10.761150217630917,0.80431262,8.67469576,33.92624400
1200,false,10.761150217630917,0.80711454,8.68681649,33.97690200
1200,false,10.761150217630917,0.80671235,8.68627319,33.94431000
1200,false,10.761150217630917,0.80824247,8.70000210,33.98880500
1200,false,10.761150217630917,0.80737619,8.69255966,33.97006700
1200,false,10.761150217630917,0.81578820,8.81522782,34.73617800
1200,false,10.761150217630917,0.82076132,8.81584068,34.81228800
1200,false,10.761150217630917,0.80762969,8.69572279,34.16519600
1200,false,10.761150217630917,0.80691602,8.68215181,33.92801400
1200,false,10.761150217630917,0.80835782,8.68773711,33.92899000
1200,false,10.761150217630917,0.80860519,8.69811255,33.97403400
1200,false,10.761150217630917,0.80571177,8.67656140,33.92050700
1200,false,10.761150217630917,0.80837314,8.70092377,33.97507100
1200,false,10.761150217630917,0.80665546,8.67851252,33.90829900
1200,false,10.761150217630917,0.80856546,8.69550552,33.96927400
1200,false,10.761150217630917,0.80810498,8.69618437,33.96866300
1200,false,10.511129063562743,0.80721939,8.68941054,33.95779900
1200,false,10.511129063562743,0.80760586,8.68545332,33.97379000
1200,false,10.511129063562743,0.80500763,8.69500740,33.98611900
1200,false,10.511129063562743,0.80824070,8.68774769,33.95120700
1200,false,10.511129063562743,0.80854441,8.68646509,33.98563000
1200,false,10.511129063562743,0.80807257,8.69563582,33.96414700
1200,false,10.511129063562743,0.80697619,8.68879324,33.92850200
1200,false,10.511129063562743,0.80493322,8.68729599,33.95950800
1200,false,10.511129063562743,0.80736217,8.69592703,34.06241300
1200,false,10.511129063562743,0.80732748,8.69052002,33.94443200
1200,false,10.511129063562743,0.80814830,8.69575575,33.94968100
1200,false,10.511129063562743,0.81287536,8.68721790,33.99722800
1200,false,10.511129063562743,0.82338473,8.73967117,34.14078200
1200,false,10.511129063562743,0.84570315,9.19203732,36.47213600
1200,false,10.511129063562743,0.82189018,8.95685101,35.36624300
1200,false,10.511129063562743,0.80651312,8.68156668,33.95462500
1200,false,10.511129063562743,0.80649339,8.67821605,33.91238900
1200,false,10.511129063562743,0.80696933,8.68692943,33.93448300
1200,false,10.511129063562743,0.80797870,8.69512191,33.95798200
1200,false,10.511129063562743,0.80785639,8.69115678,33.97031100
1200,false,10.261118486752395,0.80532885,7.84214026,33.77799000
1200,false,10.261118486752395,0.80469354,7.83265523,33.71664900
1200,false,10.261118486752395,0.82265209,7.89872956,34.20798100
1200,false,10.261118486752395,0.81075840,7.89046752,33.70151300
1200,false,10.261118486752395,0.80440951,7.83477996,33.72629300
1200,false,10.261118486752395,0.80477947,7.83248204,33.74930300
1200,false,10.261118486752395,0.80799607,7.89959067,34.12509600
1200,false,10.261118486752395,0.80436517,7.83924834,33.74155200
1200,false,10.261118486752395,0.80676718,7.84343595,33.78970900
1200,false,10.261118486752395,0.80341048,7.84089832,33.75589500
1200,false,10.261118486752395,0.80419778,7.83286451,33.71524600
1200,false,10.261118486752395,0.80396092,7.83965831,33.76956700
1200,false,10.261118486752395,0.80516513,7.84031112,33.74283400
1200,false,10.261118486752395,0.80466423,7.83915011,33.75559000
1200,false,10.261118486752395,0.80392566,7.83621481,33.71268200
1200,false,10.261118486752395,0.80369897,7.83410805,33.74082000
1200,false,10.261118486752395,0.80367611,7.82994216,33.74948700
1200,false,10.261118486752395,0.80983014,7.85123661,33.82077600
1200,false,10.261118486752395,0.80676622,7.85795027,33.73129800
1200,false,10.261118486752395,0.80470001,7.83682559,33.71256000
1250,false,10.011113198403153,0.92132316,8.85749277,38.34322400
1250,false,10.011113198403153,0.93299328,8.95422287,38.42208200
1250,false,10.011113198403153,0.93588642,8.96913940,38.45339300
1250,false,10.011113198403153,0.93840965,8.98272353,38.50985000
1250,false,10.011113198403153,0.93618613,8.97686129,38.46889600
1250,false,10.011113198403153,0.93590745,8.97035429,38.45736000
1250,false,10.011113198403153,0.93398348,8.96610783,38.43685200
1250,false,10.011113198403153,0.93443583,8.94896609,38.41390300
1250,false,10.011113198403153,0.93221707,8.96471148,38.43105400
1250,false,10.011113198403153,0.93206914,8.94710232,38.46614900
1250,false,10.011113198403153,0.93579549,8.97196370,38.45479700
1250,false,10.011113198403153,0.92826137,8.96421898,38.38063900
1250,false,10.011113198403153,0.93724298,8.94096058,38.50283200
1250,false,10.011113198403153,0.93562278,8.96975812,38.44857100
1250,false,10.011113198403153,0.93417843,8.96417439,38.46364700
1250,false,10.011113198403153,0.93498268,8.97618648,38.44899800
1250,false,10.011113198403153,0.93816196,8.96756117,38.50093900
1250,false,10.011113198403153,0.93559879,8.97082304,38.43892800
1250,false,10.011113198403153,0.93507658,8.96648989,38.44179600
1250,false,10.011113198403153,0.94461760,9.14900967,39.49953300
1250,false,9.761110554242515,0.92447742,8.88022969,38.51198700
1250,false,9.761110554242515,0.92755780,8.92707098,38.46328100
1250,false,9.761110554242515,0.93194547,8.93708211,38.44741200
1250,false,9.761110554242515,0.93630772,8.97344158,38.44753300
1250,false,9.761110554242515,0.94368991,9.00019551,38.54903500
1250,false,9.761110554242515,0.93887024,8.98795008,38.45961800
1250,false,9.761110554242515,0.93904996,8.97750123,38.49019700
1250,false,9.761110554242515,0.92940291,8.95896347,38.36593000
1250,false,9.761110554242515,0.93062013,8.93026237,38.40969200
1250,false,9.761110554242515,0.93723619,8.97660165,38.47017800
1250,false,9.761110554242515,0.93454559,8.96874000,38.46694300
1250,false,9.761110554242515,0.93681010,8.97855796,38.48726700
1250,false,9.761110554242515,0.93706389,8.98092463,38.55764000
1250,false,9.761110554242515,0.93578152,8.96764976,38.44741100
1250,false,9.761110554242515,0.93450587,8.96651910,38.41359800
1250,false,9.761110554242515,0.92939716,8.95208176,38.34615400
1250,false,9.761110554242515,0.93557647,8.96687458,38.42299800
1250,false,9.761110554242515,0.93563025,8.96878801,38.43581500
1250,false,9.761110554242515,0.93812189,8.97998865,38.44979200
1250,false,9.761110554242515,0.93632556,8.96987535,38.44417600
1250,false,9.511109232165692,0.93143270,8.93943493,38.37502400
1250,false,9.511109232165692,0.93361666,8.95576628,38.36617400
1250,false,9.511109232165692,0.93640221,8.97615566,38.45858100
1250,false,9.511109232165692,0.93727255,8.97657332,38.46120600
1250,false,9.511109232165692,0.93532025,8.96928804,38.40560200
1250,false,9.511109232165692,0.93981214,9.01389328,38.60006000
1250,false,9.511109232165692,0.93578991,8.97769777,38.40102500
1250,false,9.511109232165692,0.93436892,8.96812329,38.37728200
1250,false,9.511109232165692,0.93179808,8.97180360,38.36104700
1250,false,9.511109232165692,0.93211984,8.96264853,38.36519700
1250,false,9.511109232165692,0.93394279,8.96510987,38.48281100
1250,false,9.511109232165692,0.93467387,8.99795909,38.50307500
1250,false,9.511109232165692,0.93548877,8.96891721,38.40810500
1250,false,9.511109232165692,0.93677215,8.97892544,38.42635400
1250,false,9.511109232165692,0.93825570,8.97833529,38.43245800
1250,false,9.511109232165692,0.97046482,9.04043667,38.86971300
1250,false,9.511109232165692,0.93149081,8.89085258,38.46389100
1250,false,9.511109232165692,0.94003426,8.98815853,38.43282400
1250,false,9.511109232165692,0.93613981,8.97578870,38.43099300
1250,false,9.511109232165692,0.94318766,8.98315134,38.49001400
1250,false,9.261108571128155,0.94761912,8.07819422,38.28920800
1250,false,9.261108571128155,0.94114431,8.01850600,38.22365700
1250,false,9.261108571128155,0.93914011,8.01445201,38.22286300
1250,false,9.261108571128155,0.94194781,8.04850310,38.40078100
1250,false,9.261108571128155,0.94140753,8.01705645,38.24831500
1250,false,9.261108571128155,0.93922704,8.01407487,38.19210200
1250,false,9.261108571128155,0.95390844,8.04509153,38.41896900
1250,false,9.261108571128155,0.93774526,8.00035885,38.19783900
1250,false,9.261108571128155,0.94019829,8.01258900,38.24324900
1250,false,9.261108571128155,0.93911804,8.03903300,38.36989700
1250,false,9.261108571128155,0.94165447,8.02443893,38.25814200
1250,false,9.261108571128155,0.94196153,8.02782562,38.24502000
1250,false,9.261108571128155,0.93924853,8.01403899,38.26845700
1250,false,9.261108571128155,0.93978945,8.01605452,38.21981100
1250,false,9.261108571128155,0.94014293,8.01511936,38.20949700
1250,false,9.261108571128155,0.94143888,8.02271627,38.19619100
1250,false,9.261108571128155,0.94187077,8.02067496,38.24215100
1250,false,9.261108571128155,0.94276061,8.02622628,38.24154000
1250,false,9.261108571128155,0.94116695,8.01990426,38.28359300
1250,false,9.261108571128155,0.94051686,8.01615495,38.23519300
1250,false,1.2611085711281547,7.11389976,7.11365890,113.92475700
1250,false,1.2611085711281547,7.08596558,7.08576183,112.69667200
1250,false,1.2611085711281547,7.11559528,7.11538641,114.61896900
1250,false,1.2611085711281547,7.07770723,7.07747474,113.00679100
1250,false,1.2611085711281547,7.08837942,7.08817374,113.15779100
1250,false,1.2611085711281547,7.08982805,7.08959662,112.62532200
1250,false,1.2611085711281547,7.08352761,7.08336238,111.98292900
1250,false,1.2611085711281547,7.12699180,7.12673372,115.66633000
