0,1,SACf__MAIN_CL_ST___mtspmdf_1478_run__i_1000_1000__i__i__i_1000_1000__i__i__i_1000_1000__i,1.0849154531999998,1.0848056017799999,17.1471143,
0,2,SACf__MAIN_CL_ST___mtspmdf_1478_run__i_1000_1000__i__i__i_1000_1000__i__i__i_1000_1000__i,0.7955658784200001,1.5902000224799997,15.22450568,
0,3,SACf__MAIN_CL_ST___mtspmdf_1478_run__i_1000_1000__i__i__i_1000_1000__i__i__i_1000_1000__i,0.3630621696800001,1.08840929202,8.689314920000001,
0,4,SACf__MAIN_CL_ST___mtspmdf_1478_run__i_1000_1000__i__i__i_1000_1000__i__i__i_1000_1000__i,0.2796984501,1.1176915621600003,7.831655979999998,
0,5,SACf__MAIN_CL_ST___mtspmdf_1478_run__i_1000_1000__i__i__i_1000_1000__i__i__i_1000_1000__i,0.22233383134,1.1105976915799998,7.17451288,
0,6,SACf__MAIN_CL_ST___mtspmdf_1478_run__i_1000_1000__i__i__i_1000_1000__i__i__i_1000_1000__i,0.18418913462,1.1040854809399998,6.881863499999997,
0,7,SACf__MAIN_CL_ST___mtspmdf_1478_run__i_1000_1000__i__i__i_1000_1000__i__i__i_1000_1000__i,0.15723468630000004,1.09946835606,6.407298039999997,
0,8,SACf__MAIN_CL_ST___mtspmdf_1478_run__i_1000_1000__i__i__i_1000_1000__i__i__i_1000_1000__i,0.13996843842,1.11879280616,6.375189980000001,
0,9,SACf__MAIN_CL_ST___mtspmdf_1478_run__i_1000_1000__i__i__i_1000_1000__i__i__i_1000_1000__i,0.23154559224000007,2.08269767004,9.811139439999996,
0,10,SACf__MAIN_CL_ST___mtspmdf_1478_run__i_1000_1000__i__i__i_1000_1000__i__i__i_1000_1000__i,0.19783897514000015,1.9774401425600001,8.701838079999995,
0,11,SACf__MAIN_CL_ST___mtspmdf_1478_run__i_1000_1000__i__i__i_1000_1000__i__i__i_1000_1000__i,0.23506592301999998,2.5845957056000004,10.228180599999998,
0,12,SACf__MAIN_CL_ST___mtspmdf_1478_run__i_1000_1000__i__i__i_1000_1000__i__i__i_1000_1000__i,0.22579660706000004,2.7079478388399996,9.81588798,
0,13,SACf__MAIN_CL_ST___mtspmdf_1478_run__i_1000_1000__i__i__i_1000_1000__i__i__i_1000_1000__i,0.16400002412,2.1297638135200008,7.653740179999999,
0,14,SACf__MAIN_CL_ST___mtspmdf_1478_run__i_1000_1000__i__i__i_1000_1000__i__i__i_1000_1000__i,0.20868286682,2.9190233750599996,9.33790824,
0,15,SACf__MAIN_CL_ST___mtspmdf_1478_run__i_1000_1000__i__i__i_1000_1000__i__i__i_1000_1000__i,0.17954830704,2.6911650193400005,8.366500799999999,
0,16,SACf__MAIN_CL_ST___mtspmdf_1478_run__i_1000_1000__i__i__i_1000_1000__i__i__i_1000_1000__i,0.17148009285999996,2.7408696120200005,8.013550060000002,
1,1,SACf__MAIN_CL_ST___mtspmdf_1478_run__i_1000_1000__i__i__i_1000_1000__i__i__i_1000_1000__i,1.0858979701200002,1.0858195096,20.0045252,
1,2,SACf__MAIN_CL_ST___mtspmdf_1478_run__i_1000_1000__i__i__i_1000_1000__i__i__i_1000_1000__i,0.54436818506,1.08793456788,12.146972100000003,
1,3,SACf__MAIN_CL_ST___mtspmdf_1478_run__i_1000_1000__i__i__i_1000_1000__i__i__i_1000_1000__i,0.3653872471800001,1.0953878919600002,9.653735040000004,
1,4,SACf__MAIN_CL_ST___mtspmdf_1478_run__i_1000_1000__i__i__i_1000_1000__i__i__i_1000_1000__i,0.27274145608,1.0901811793199998,8.37079522,
1,5,SACf__MAIN_CL_ST___mtspmdf_1478_run__i_1000_1000__i__i__i_1000_1000__i__i__i_1000_1000__i,0.22012562321999993,1.0996006037999997,7.897664100000001,
1,6,SACf__MAIN_CL_ST___mtspmdf_1478_run__i_1000_1000__i__i__i_1000_1000__i__i__i_1000_1000__i,0.18366935712,1.1010776061599998,7.180826339999999,
1,7,SACf__MAIN_CL_ST___mtspmdf_1478_run__i_1000_1000__i__i__i_1000_1000__i__i__i_1000_1000__i,0.15881084746000004,1.1106792964399999,6.953375760000003,
1,8,SACf__MAIN_CL_ST___mtspmdf_1478_run__i_1000_1000__i__i__i_1000_1000__i__i__i_1000_1000__i,0.25805535908,2.06301993628,10.674129179999998,
1,9,SACf__MAIN_CL_ST___mtspmdf_1478_run__i_1000_1000__i__i__i_1000_1000__i__i__i_1000_1000__i,0.2386644705200001,2.1466624698200003,10.115724839999999,
1,10,SACf__MAIN_CL_ST___mtspmdf_1478_run__i_1000_1000__i__i__i_1000_1000__i__i__i_1000_1000__i,0.20447637172,2.04345316478,8.912395400000001,
1,11,SACf__MAIN_CL_ST___mtspmdf_1478_run__i_1000_1000__i__i__i_1000_1000__i__i__i_1000_1000__i,0.22432740739999996,2.4659141969000005,9.76639102,
1,12,SACf__MAIN_CL_ST___mtspmdf_1478_run__i_1000_1000__i__i__i_1000_1000__i__i__i_1000_1000__i,0.25177394254,3.0197540786999997,10.87635156,
1,13,SACf__MAIN_CL_ST___mtspmdf_1478_run__i_1000_1000__i__i__i_1000_1000__i__i__i_1000_1000__i,0.19385955553999998,2.517577856780001,8.84700372,
1,14,SACf__MAIN_CL_ST___mtspmdf_1478_run__i_1000_1000__i__i__i_1000_1000__i__i__i_1000_1000__i,0.16291672478,2.27843385006,7.650721380000002,
1,15,SACf__MAIN_CL_ST___mtspmdf_1478_run__i_1000_1000__i__i__i_1000_1000__i__i__i_1000_1000__i,0.17122767742,2.56405028208,8.09092166,
1,16,SACf__MAIN_CL_ST___mtspmdf_1478_run__i_1000_1000__i__i__i_1000_1000__i__i__i_1000_1000__i,0.23095534230000003,3.4722201376600004,10.108578839999998,
2,1,SACf__MAIN_CL_ST___mtspmdf_1478_run__i_1000_1000__i__i__i_1000_1000__i__i__i_1000_1000__i,1.08878872666,1.0886958629199999,22.670564520000006,
2,2,SACf__MAIN_CL_ST___mtspmdf_1478_run__i_1000_1000__i__i__i_1000_1000__i__i__i_1000_1000__i,0.5481755289199998,1.09566060542,13.567995040000005,
2,3,SACf__MAIN_CL_ST___mtspmdf_1478_run__i_1000_1000__i__i__i_1000_1000__i__i__i_1000_1000__i,0.36483981166000007,1.09368094546,10.567674380000001,
2,4,SACf__MAIN_CL_ST___mtspmdf_1478_run__i_1000_1000__i__i__i_1000_1000__i__i__i_1000_1000__i,0.27404696258,1.0952314253600002,9.213056259999997,
2,5,SACf__MAIN_CL_ST___mtspmdf_1478_run__i_1000_1000__i__i__i_1000_1000__i__i__i_1000_1000__i,0.22006003908000005,1.09918262044,8.25371544,
2,6,SACf__MAIN_CL_ST___mtspmdf_1478_run__i_1000_1000__i__i__i_1000_1000__i__i__i_1000_1000__i,0.18360498754000001,1.10023927448,7.744854439999998,
2,7,SACf__MAIN_CL_ST___mtspmdf_1478_run__i_1000_1000__i__i__i_1000_1000__i__i__i_1000_1000__i,0.28099593266,1.9657075152399996,11.379655920000003,
2,8,SACf__MAIN_CL_ST___mtspmdf_1478_run__i_1000_1000__i__i__i_1000_1000__i__i__i_1000_1000__i,0.2687770473600001,2.1492559841400003,11.07635226,
2,9,SACf__MAIN_CL_ST___mtspmdf_1478_run__i_1000_1000__i__i__i_1000_1000__i__i__i_1000_1000__i,0.24773519544000003,2.22762435144,10.39563868,
2,10,SACf__MAIN_CL_ST___mtspmdf_1478_run__i_1000_1000__i__i__i_1000_1000__i__i__i_1000_1000__i,0.24144988865999997,2.41300327466,10.218417439999996,
2,11,SACf__MAIN_CL_ST___mtspmdf_1478_run__i_1000_1000__i__i__i_1000_1000__i__i__i_1000_1000__i,0.19795290966,2.1754670076999996,8.740445139999997,
2,12,SACf__MAIN_CL_ST___mtspmdf_1478_run__i_1000_1000__i__i__i_1000_1000__i__i__i_1000_1000__i,0.21556680138000003,2.5851361473199996,9.486790899999997,
2,13,SACf__MAIN_CL_ST___mtspmdf_1478_run__i_1000_1000__i__i__i_1000_1000__i__i__i_1000_1000__i,0.18148413983999998,2.3571987154400005,8.326889079999999,
2,14,SACf__MAIN_CL_ST___mtspmdf_1478_run__i_1000_1000__i__i__i_1000_1000__i__i__i_1000_1000__i,0.21075304167999998,2.9467851025000003,9.5510278,
2,15,SACf__MAIN_CL_ST___mtspmdf_1478_run__i_1000_1000__i__i__i_1000_1000__i__i__i_1000_1000__i,0.22154772250000004,3.1353601766200008,9.734015619999997,
2,16,SACf__MAIN_CL_ST___mtspmdf_1478_run__i_1000_1000__i__i__i_1000_1000__i__i__i_1000_1000__i,0.26679394816000007,3.7850473220000005,11.570887159999998,
3,1,SACf__MAIN_CL_ST___mtspmdf_1478_run__i_1000_1000__i__i__i_1000_1000__i__i__i_1000_1000__i,1.10213957986,1.10210227086,25.75844114000001,
3,2,SACf__MAIN_CL_ST___mtspmdf_1478_run__i_1000_1000__i__i__i_1000_1000__i__i__i_1000_1000__i,0.5468284798199999,1.09295071826,14.923776499999995,
3,3,SACf__MAIN_CL_ST___mtspmdf_1478_run__i_1000_1000__i__i__i_1000_1000__i__i__i_1000_1000__i,0.3656819084,1.0962403878199998,11.575000880000003,
3,4,SACf__MAIN_CL_ST___mtspmdf_1478_run__i_1000_1000__i__i__i_1000_1000__i__i__i_1000_1000__i,0.2743445172,1.0966173754200002,9.964071159999998,
3,5,SACf__MAIN_CL_ST___mtspmdf_1478_run__i_1000_1000__i__i__i_1000_1000__i__i__i_1000_1000__i,0.21942442958000005,1.0962676567200003,8.86447804,
3,6,SACf__MAIN_CL_ST___mtspmdf_1478_run__i_1000_1000__i__i__i_1000_1000__i__i__i_1000_1000__i,0.49632859587999995,2.97627643686,18.948744219999995,
3,7,SACf__MAIN_CL_ST___mtspmdf_1478_run__i_1000_1000__i__i__i_1000_1000__i__i__i_1000_1000__i,0.29443108320000005,2.05973455632,11.79760774,
3,8,SACf__MAIN_CL_ST___mtspmdf_1478_run__i_1000_1000__i__i__i_1000_1000__i__i__i_1000_1000__i,0.26017239828,2.0802137316200002,10.602192099999998,
3,9,SACf__MAIN_CL_ST___mtspmdf_1478_run__i_1000_1000__i__i__i_1000_1000__i__i__i_1000_1000__i,0.25041753058000005,2.25195465884,10.4142226,
3,10,SACf__MAIN_CL_ST___mtspmdf_1478_run__i_1000_1000__i__i__i_1000_1000__i__i__i_1000_1000__i,0.24170184090000008,2.4149032304799998,10.453266700000002,
3,11,SACf__MAIN_CL_ST___mtspmdf_1478_run__i_1000_1000__i__i__i_1000_1000__i__i__i_1000_1000__i,0.19202960808000008,2.110076703,8.586632060000001,
3,12,SACf__MAIN_CL_ST___mtspmdf_1478_run__i_1000_1000__i__i__i_1000_1000__i__i__i_1000_1000__i,0.24093450750000003,2.8884699862599983,10.452378019999996,
3,13,SACf__MAIN_CL_ST___mtspmdf_1478_run__i_1000_1000__i__i__i_1000_1000__i__i__i_1000_1000__i,0.23297789057999999,2.98175356156,10.447656359999996,
3,14,SACf__MAIN_CL_ST___mtspmdf_1478_run__i_1000_1000__i__i__i_1000_1000__i__i__i_1000_1000__i,0.25279351908000003,3.31534445564,10.982425539999998,
3,15,SACf__MAIN_CL_ST___mtspmdf_1478_run__i_1000_1000__i__i__i_1000_1000__i__i__i_1000_1000__i,0.28135383830000005,3.737328934540001,12.118298999999997,
3,16,SACf__MAIN_CL_ST___mtspmdf_1478_run__i_1000_1000__i__i__i_1000_1000__i__i__i_1000_1000__i,0.25167262048,3.40613006444,10.9928747,
4,1,SACf__MAIN_CL_ST___mtspmdf_1478_run__i_1000_1000__i__i__i_1000_1000__i__i__i_1000_1000__i,1.09569189394,1.09567804126,28.447689619999995,
4,2,SACf__MAIN_CL_ST___mtspmdf_1478_run__i_1000_1000__i__i__i_1000_1000__i__i__i_1000_1000__i,0.5450026591799999,1.08914319532,16.265261099999996,
4,3,SACf__MAIN_CL_ST___mtspmdf_1478_run__i_1000_1000__i__i__i_1000_1000__i__i__i_1000_1000__i,0.36716286994,1.1008481186199999,12.711654459999998,
4,4,SACf__MAIN_CL_ST___mtspmdf_1478_run__i_1000_1000__i__i__i_1000_1000__i__i__i_1000_1000__i,0.2743932185800001,1.0965350256200002,10.53905994,
4,5,SACf__MAIN_CL_ST___mtspmdf_1478_run__i_1000_1000__i__i__i_1000_1000__i__i__i_1000_1000__i,0.4496890546000001,2.2476977291,16.889900620000002,
4,6,SACf__MAIN_CL_ST___mtspmdf_1478_run__i_1000_1000__i__i__i_1000_1000__i__i__i_1000_1000__i,0.35241146463999995,2.113335017,13.582601939999996,
4,7,SACf__MAIN_CL_ST___mtspmdf_1478_run__i_1000_1000__i__i__i_1000_1000__i__i__i_1000_1000__i,0.29950685114000003,2.0953799499400008,11.934047819999998,
4,8,SACf__MAIN_CL_ST___mtspmdf_1478_run__i_1000_1000__i__i__i_1000_1000__i__i__i_1000_1000__i,0.3618468085,2.8935553700599996,14.2277065,
4,9,SACf__MAIN_CL_ST___mtspmdf_1478_run__i_1000_1000__i__i__i_1000_1000__i__i__i_1000_1000__i,0.274292694,2.4667345507600005,11.367834660000002,
4,10,SACf__MAIN_CL_ST___mtspmdf_1478_run__i_1000_1000__i__i__i_1000_1000__i__i__i_1000_1000__i,0.22631155512,2.2615794184999998,9.778226920000002,
4,11,SACf__MAIN_CL_ST___mtspmdf_1478_run__i_1000_1000__i__i__i_1000_1000__i__i__i_1000_1000__i,0.2543209467,2.795009574800001,10.970605459999996,
4,12,SACf__MAIN_CL_ST___mtspmdf_1478_run__i_1000_1000__i__i__i_1000_1000__i__i__i_1000_1000__i,0.24109717548000004,2.8889194080199996,10.64083212,
4,13,SACf__MAIN_CL_ST___mtspmdf_1478_run__i_1000_1000__i__i__i_1000_1000__i__i__i_1000_1000__i,0.24903305552000002,3.0330545014799997,10.76279596,
4,14,SACf__MAIN_CL_ST___mtspmdf_1478_run__i_1000_1000__i__i__i_1000_1000__i__i__i_1000_1000__i,0.25385716972,3.147751638820001,11.15062206,
4,15,SACf__MAIN_CL_ST___mtspmdf_1478_run__i_1000_1000__i__i__i_1000_1000__i__i__i_1000_1000__i,0.27415574494,3.4374077887999994,11.719264460000002,
4,16,SACf__MAIN_CL_ST___mtspmdf_1478_run__i_1000_1000__i__i__i_1000_1000__i__i__i_1000_1000__i,0.2848751291799999,3.603966895440001,12.172368719999998,
5,1,SACf__MAIN_CL_ST___mtspmdf_1478_run__i_1000_1000__i__i__i_1000_1000__i__i__i_1000_1000__i,1.0857833882199999,1.0856881249399999,30.96621346,
5,2,SACf__MAIN_CL_ST___mtspmdf_1478_run__i_1000_1000__i__i__i_1000_1000__i__i__i_1000_1000__i,0.54543934766,1.09015818744,17.91780324,
5,3,SACf__MAIN_CL_ST___mtspmdf_1478_run__i_1000_1000__i__i__i_1000_1000__i__i__i_1000_1000__i,0.36585911820000006,1.0966664783,13.58266664,
5,4,SACf__MAIN_CL_ST___mtspmdf_1478_run__i_1000_1000__i__i__i_1000_1000__i__i__i_1000_1000__i,0.38959169647999997,1.55721695082,14.610837840000002,
5,5,SACf__MAIN_CL_ST___mtspmdf_1478_run__i_1000_1000__i__i__i_1000_1000__i__i__i_1000_1000__i,0.46521766388,2.324972980280001,17.26704808,
5,6,SACf__MAIN_CL_ST___mtspmdf_1478_run__i_1000_1000__i__i__i_1000_1000__i__i__i_1000_1000__i,0.48438238188000005,2.9045984405399996,17.95120284,
5,7,SACf__MAIN_CL_ST___mtspmdf_1478_run__i_1000_1000__i__i__i_1000_1000__i__i__i_1000_1000__i,0.3451451016,2.4146714551799997,13.611206619999997,
5,8,SACf__MAIN_CL_ST___mtspmdf_1478_run__i_1000_1000__i__i__i_1000_1000__i__i__i_1000_1000__i,0.26669671428,2.1320991115599996,11.10995692,
5,9,SACf__MAIN_CL_ST___mtspmdf_1478_run__i_1000_1000__i__i__i_1000_1000__i__i__i_1000_1000__i,0.24507074886000005,2.2037356263199994,10.411819040000005,
5,10,SACf__MAIN_CL_ST___mtspmdf_1478_run__i_1000_1000__i__i__i_1000_1000__i__i__i_1000_1000__i,0.26140944346,2.6115337666000005,11.056884539999999,
5,11,SACf__MAIN_CL_ST___mtspmdf_1478_run__i_1000_1000__i__i__i_1000_1000__i__i__i_1000_1000__i,0.21620672274,2.372818267119999,9.638179680000002,
5,12,SACf__MAIN_CL_ST___mtspmdf_1478_run__i_1000_1000__i__i__i_1000_1000__i__i__i_1000_1000__i,0.27097987251999994,3.0475401854399995,11.591630479999994,
5,13,SACf__MAIN_CL_ST___mtspmdf_1478_run__i_1000_1000__i__i__i_1000_1000__i__i__i_1000_1000__i,0.2530630454200001,2.9279152977199994,11.03070786,
5,14,SACf__MAIN_CL_ST___mtspmdf_1478_run__i_1000_1000__i__i__i_1000_1000__i__i__i_1000_1000__i,0.28719460658,3.34987724146,12.249551180000001,
5,15,SACf__MAIN_CL_ST___mtspmdf_1478_run__i_1000_1000__i__i__i_1000_1000__i__i__i_1000_1000__i,0.27711592581999994,3.298721561279999,11.833381560000003,
5,16,SACf__MAIN_CL_ST___mtspmdf_1478_run__i_1000_1000__i__i__i_1000_1000__i__i__i_1000_1000__i,0.29615552972000003,3.6118918255000008,12.538680040000001,
6,1,SACf__MAIN_CL_ST___mtspmdf_1478_run__i_1000_1000__i__i__i_1000_1000__i__i__i_1000_1000__i,1.0858558638199995,1.0858375227600003,33.892423000000015,
6,2,SACf__MAIN_CL_ST___mtspmdf_1478_run__i_1000_1000__i__i__i_1000_1000__i__i__i_1000_1000__i,0.54744350608,1.0938588701400003,19.416643420000003,
6,3,SACf__MAIN_CL_ST___mtspmdf_1478_run__i_1000_1000__i__i__i_1000_1000__i__i__i_1000_1000__i,0.7164589820200001,2.1487122968999994,25.394329539999994,
6,4,SACf__MAIN_CL_ST___mtspmdf_1478_run__i_1000_1000__i__i__i_1000_1000__i__i__i_1000_1000__i,0.6907220875400002,2.76160664678,24.859601879999996,
6,5,SACf__MAIN_CL_ST___mtspmdf_1478_run__i_1000_1000__i__i__i_1000_1000__i__i__i_1000_1000__i,0.48668095794000005,2.4319434945400005,18.091616279999997,
6,6,SACf__MAIN_CL_ST___mtspmdf_1478_run__i_1000_1000__i__i__i_1000_1000__i__i__i_1000_1000__i,0.4526575564000001,2.7146270109600006,17.35748974,
6,7,SACf__MAIN_CL_ST___mtspmdf_1478_run__i_1000_1000__i__i__i_1000_1000__i__i__i_1000_1000__i,0.36665089518000005,2.5651194278999996,14.437254300000001,
6,8,SACf__MAIN_CL_ST___mtspmdf_1478_run__i_1000_1000__i__i__i_1000_1000__i__i__i_1000_1000__i,0.37760603622000005,3.0188167910200003,15.108889540000005,
6,9,SACf__MAIN_CL_ST___mtspmdf_1478_run__i_1000_1000__i__i__i_1000_1000__i__i__i_1000_1000__i,0.28346150257999997,2.5493650073399996,11.826978999999996,
6,10,SACf__MAIN_CL_ST___mtspmdf_1478_run__i_1000_1000__i__i__i_1000_1000__i__i__i_1000_1000__i,0.28487007119999996,2.8251680416200005,12.179592860000005,
6,11,SACf__MAIN_CL_ST___mtspmdf_1478_run__i_1000_1000__i__i__i_1000_1000__i__i__i_1000_1000__i,0.2883935625400001,2.9457445543199996,12.1712384,
6,12,SACf__MAIN_CL_ST___mtspmdf_1478_run__i_1000_1000__i__i__i_1000_1000__i__i__i_1000_1000__i,0.29511377707999986,3.14533568856,12.480723659999997,
6,13,SACf__MAIN_CL_ST___mtspmdf_1478_run__i_1000_1000__i__i__i_1000_1000__i__i__i_1000_1000__i,0.30335588954000015,3.2862966852200004,12.801678659999999,
6,14,SACf__MAIN_CL_ST___mtspmdf_1478_run__i_1000_1000__i__i__i_1000_1000__i__i__i_1000_1000__i,0.28598361974,3.15267352086,12.077043080000003,
6,15,SACf__MAIN_CL_ST___mtspmdf_1478_run__i_1000_1000__i__i__i_1000_1000__i__i__i_1000_1000__i,0.36187778380000013,4.060925058939999,14.852820900000005,
6,16,SACf__MAIN_CL_ST___mtspmdf_1478_run__i_1000_1000__i__i__i_1000_1000__i__i__i_1000_1000__i,0.31283611922000004,3.5586912493599994,13.22359046,
7,1,SACf__MAIN_CL_ST___mtspmdf_1478_run__i_1000_1000__i__i__i_1000_1000__i__i__i_1000_1000__i,1.0860398375399998,1.0860211602199998,36.68740242,
7,2,SACf__MAIN_CL_ST___mtspmdf_1478_run__i_1000_1000__i__i__i_1000_1000__i__i__i_1000_1000__i,1.0617354843000002,2.12252061562,35.92928424,
7,3,SACf__MAIN_CL_ST___mtspmdf_1478_run__i_1000_1000__i__i__i_1000_1000__i__i__i_1000_1000__i,0.9922485985199995,2.9756797415799996,34.43026220000001,
7,4,SACf__MAIN_CL_ST___mtspmdf_1478_run__i_1000_1000__i__i__i_1000_1000__i__i__i_1000_1000__i,0.5367664830200001,2.1458745671600004,19.583323899999996,
7,5,SACf__MAIN_CL_ST___mtspmdf_1478_run__i_1000_1000__i__i__i_1000_1000__i__i__i_1000_1000__i,0.48588088799999996,2.42729817118,18.19935528,
7,6,SACf__MAIN_CL_ST___mtspmdf_1478_run__i_1000_1000__i__i__i_1000_1000__i__i__i_1000_1000__i,0.25403537494000006,1.5225195170599997,10.458253260000001,
7,7,SACf__MAIN_CL_ST___mtspmdf_1478_run__i_1000_1000__i__i__i_1000_1000__i__i__i_1000_1000__i,0.31924568849999996,2.23259728868,12.896695500000003,
7,8,SACf__MAIN_CL_ST___mtspmdf_1478_run__i_1000_1000__i__i__i_1000_1000__i__i__i_1000_1000__i,0.34839695237999996,2.78421266014,14.160596059999996,
7,9,SACf__MAIN_CL_ST___mtspmdf_1478_run__i_1000_1000__i__i__i_1000_1000__i__i__i_1000_1000__i,0.27891077984,2.50787922076,11.770741340000002,
7,10,SACf__MAIN_CL_ST___mtspmdf_1478_run__i_1000_1000__i__i__i_1000_1000__i__i__i_1000_1000__i,0.25442835216000004,2.3969611918199996,10.95668216,
7,11,SACf__MAIN_CL_ST___mtspmdf_1478_run__i_1000_1000__i__i__i_1000_1000__i__i__i_1000_1000__i,0.28455522877999995,2.7732161074999997,12.053710580000002,
7,12,SACf__MAIN_CL_ST___mtspmdf_1478_run__i_1000_1000__i__i__i_1000_1000__i__i__i_1000_1000__i,0.34119461626,3.4097655200800006,14.156207659999998,
7,13,SACf__MAIN_CL_ST___mtspmdf_1478_run__i_1000_1000__i__i__i_1000_1000__i__i__i_1000_1000__i,0.30079430332000007,3.107536303199999,12.621108999999999,
7,14,SACf__MAIN_CL_ST___mtspmdf_1478_run__i_1000_1000__i__i__i_1000_1000__i__i__i_1000_1000__i,0.275602815,2.9269765186599996,11.723068100000003,
7,15,SACf__MAIN_CL_ST___mtspmdf_1478_run__i_1000_1000__i__i__i_1000_1000__i__i__i_1000_1000__i,0.34503576966,3.681362508740001,14.220622760000001,
7,16,SACf__MAIN_CL_ST___mtspmdf_1478_run__i_1000_1000__i__i__i_1000_1000__i__i__i_1000_1000__i,0.3240753731,3.59397963622,13.522096740000002,
8,1,SACf__MAIN_CL_ST___mtspmdf_1478_run__i_1000_1000__i__i__i_1000_1000__i__i__i_1000_1000__i,1.23139510346,1.2313800058400002,41.76334402,
8,2,SACf__MAIN_CL_ST___mtspmdf_1478_run__i_1000_1000__i__i__i_1000_1000__i__i__i_1000_1000__i,0.6202467226600002,1.2393001016400007,22.079964240000002,
8,3,SACf__MAIN_CL_ST___mtspmdf_1478_run__i_1000_1000__i__i__i_1000_1000__i__i__i_1000_1000__i,0.41513573160000017,1.2441790441599998,15.384947199999997,
8,4,SACf__MAIN_CL_ST___mtspmdf_1478_run__i_1000_1000__i__i__i_1000_1000__i__i__i_1000_1000__i,0.3137232943,1.25368627212,12.268080180000004,
8,5,SACf__MAIN_CL_ST___mtspmdf_1478_run__i_1000_1000__i__i__i_1000_1000__i__i__i_1000_1000__i,0.2505687382199999,1.25146759172,10.27195978,
8,6,SACf__MAIN_CL_ST___mtspmdf_1478_run__i_1000_1000__i__i__i_1000_1000__i__i__i_1000_1000__i,0.21304745952,1.2759122857000005,9.07372556,
8,7,SACf__MAIN_CL_ST___mtspmdf_1478_run__i_1000_1000__i__i__i_1000_1000__i__i__i_1000_1000__i,0.18121259678,1.26612213746,8.116690639999996,
8,8,SACf__MAIN_CL_ST___mtspmdf_1478_run__i_1000_1000__i__i__i_1000_1000__i__i__i_1000_1000__i,0.15805427196,1.26168619858,7.357266320000003,
8,9,SACf__MAIN_CL_ST___mtspmdf_1478_run__i_1000_1000__i__i__i_1000_1000__i__i__i_1000_1000__i,0.33339451012,2.8190889760999998,13.830721400000002,
8,10,SACf__MAIN_CL_ST___mtspmdf_1478_run__i_1000_1000__i__i__i_1000_1000__i__i__i_1000_1000__i,0.3077564895600002,2.7348882046400003,12.86925294,
8,11,SACf__MAIN_CL_ST___mtspmdf_1478_run__i_1000_1000__i__i__i_1000_1000__i__i__i_1000_1000__i,0.29308787153999993,2.6989530364800003,12.276090359999996,
8,12,SACf__MAIN_CL_ST___mtspmdf_1478_run__i_1000_1000__i__i__i_1000_1000__i__i__i_1000_1000__i,0.30415615694,2.88415546804,12.851002279999996,
8,13,SACf__MAIN_CL_ST___mtspmdf_1478_run__i_1000_1000__i__i__i_1000_1000__i__i__i_1000_1000__i,0.35175506512,3.407749631100002,14.38587872,
8,14,SACf__MAIN_CL_ST___mtspmdf_1478_run__i_1000_1000__i__i__i_1000_1000__i__i__i_1000_1000__i,0.40039636649999993,3.927323237459999,16.240465040000004,
8,15,SACf__MAIN_CL_ST___mtspmdf_1478_run__i_1000_1000__i__i__i_1000_1000__i__i__i_1000_1000__i,0.4067948713,3.9888504855799978,16.47205864,
8,16,SACf__MAIN_CL_ST___mtspmdf_1478_run__i_1000_1000__i__i__i_1000_1000__i__i__i_1000_1000__i,0.33167616536000005,3.5364897746600015,13.8413598,
9,1,SACf__MAIN_CL_ST___mtspmdf_1478_run__i_1000_1000__i__i__i_1000_1000__i__i__i_1000_1000__i,1.2333851008799999,1.2333403434599999,43.02530244,
9,2,SACf__MAIN_CL_ST___mtspmdf_1478_run__i_1000_1000__i__i__i_1000_1000__i__i__i_1000_1000__i,0.62476217156,1.2483737161599997,22.63221866,
9,3,SACf__MAIN_CL_ST___mtspmdf_1478_run__i_1000_1000__i__i__i_1000_1000__i__i__i_1000_1000__i,0.4182877689600001,1.25314078468,15.791651479999995,
9,4,SACf__MAIN_CL_ST___mtspmdf_1478_run__i_1000_1000__i__i__i_1000_1000__i__i__i_1000_1000__i,0.31419342346,1.2552070848999994,12.432274079999996,
9,5,SACf__MAIN_CL_ST___mtspmdf_1478_run__i_1000_1000__i__i__i_1000_1000__i__i__i_1000_1000__i,0.25004071038000003,1.2486524118399998,10.411413759999999,
9,6,SACf__MAIN_CL_ST___mtspmdf_1478_run__i_1000_1000__i__i__i_1000_1000__i__i__i_1000_1000__i,0.209626115,1.2558412614799999,9.0713647,
9,7,SACf__MAIN_CL_ST___mtspmdf_1478_run__i_1000_1000__i__i__i_1000_1000__i__i__i_1000_1000__i,0.31110678307999995,2.1730673652,12.87420288,
9,8,SACf__MAIN_CL_ST___mtspmdf_1478_run__i_1000_1000__i__i__i_1000_1000__i__i__i_1000_1000__i,0.37473538632000003,2.8072212486199994,15.275405219999998,
9,9,SACf__MAIN_CL_ST___mtspmdf_1478_run__i_1000_1000__i__i__i_1000_1000__i__i__i_1000_1000__i,0.30918199322,2.44636018546,12.802017999999999,
9,10,SACf__MAIN_CL_ST___mtspmdf_1478_run__i_1000_1000__i__i__i_1000_1000__i__i__i_1000_1000__i,0.33199523064000014,2.74150103674,13.660331280000005,
9,11,SACf__MAIN_CL_ST___mtspmdf_1478_run__i_1000_1000__i__i__i_1000_1000__i__i__i_1000_1000__i,0.30127514894000007,2.6945667709600003,12.576244680000002,
9,12,SACf__MAIN_CL_ST___mtspmdf_1478_run__i_1000_1000__i__i__i_1000_1000__i__i__i_1000_1000__i,0.30623983194,2.77860660826,12.784527820000003,
9,13,SACf__MAIN_CL_ST___mtspmdf_1478_run__i_1000_1000__i__i__i_1000_1000__i__i__i_1000_1000__i,0.31638912302000005,3.0518419063000004,13.1324456,
9,14,SACf__MAIN_CL_ST___mtspmdf_1478_run__i_1000_1000__i__i__i_1000_1000__i__i__i_1000_1000__i,0.35399563986000004,3.42785633896,14.615576600000002,
9,15,SACf__MAIN_CL_ST___mtspmdf_1478_run__i_1000_1000__i__i__i_1000_1000__i__i__i_1000_1000__i,0.29455623368,2.9564009930400004,12.39688716,
9,16,SACf__MAIN_CL_ST___mtspmdf_1478_run__i_1000_1000__i__i__i_1000_1000__i__i__i_1000_1000__i,0.2893693828999999,2.8744048312399992,12.302293920000004,
10,1,SACf__MAIN_CL_ST___mtspmdf_1478_run__i_1000_1000__i__i__i_1000_1000__i__i__i_1000_1000__i,1.2320449791399999,1.23202656858,42.81029933999999,
10,2,SACf__MAIN_CL_ST___mtspmdf_1478_run__i_1000_1000__i__i__i_1000_1000__i__i__i_1000_1000__i,0.6233231692600001,1.2455070776800001,22.892857639999992,
10,3,SACf__MAIN_CL_ST___mtspmdf_1478_run__i_1000_1000__i__i__i_1000_1000__i__i__i_1000_1000__i,0.4149935066799999,1.2425194623999998,15.838442119999998,
10,4,SACf__MAIN_CL_ST___mtspmdf_1478_run__i_1000_1000__i__i__i_1000_1000__i__i__i_1000_1000__i,0.31166338414000005,1.2449269633199997,12.499002420000002,
10,5,SACf__MAIN_CL_ST___mtspmdf_1478_run__i_1000_1000__i__i__i_1000_1000__i__i__i_1000_1000__i,0.24984151450000006,1.2469373721399999,10.427276760000002,
10,6,SACf__MAIN_CL_ST___mtspmdf_1478_run__i_1000_1000__i__i__i_1000_1000__i__i__i_1000_1000__i,0.21032536468,1.25808980682,9.232519099999998,
10,7,SACf__MAIN_CL_ST___mtspmdf_1478_run__i_1000_1000__i__i__i_1000_1000__i__i__i_1000_1000__i,0.32791458852,2.1855136925,13.52064166,
10,8,SACf__MAIN_CL_ST___mtspmdf_1478_run__i_1000_1000__i__i__i_1000_1000__i__i__i_1000_1000__i,0.33303617368000005,2.3415612083800004,13.628120660000004,
10,9,SACf__MAIN_CL_ST___mtspmdf_1478_run__i_1000_1000__i__i__i_1000_1000__i__i__i_1000_1000__i,0.35432811187999996,2.60793787848,14.407773120000003,
10,10,SACf__MAIN_CL_ST___mtspmdf_1478_run__i_1000_1000__i__i__i_1000_1000__i__i__i_1000_1000__i,0.34628472828000006,2.75126550658,14.094841859999997,
10,11,SACf__MAIN_CL_ST___mtspmdf_1478_run__i_1000_1000__i__i__i_1000_1000__i__i__i_1000_1000__i,0.34055633061999996,2.8573271270599996,14.045382720000003,
10,12,SACf__MAIN_CL_ST___mtspmdf_1478_run__i_1000_1000__i__i__i_1000_1000__i__i__i_1000_1000__i,0.33388454302000015,2.9281911360399993,13.856037579999999,
10,13,SACf__MAIN_CL_ST___mtspmdf_1478_run__i_1000_1000__i__i__i_1000_1000__i__i__i_1000_1000__i,0.35903566140000004,3.1768872655999987,14.670620439999999,
10,14,SACf__MAIN_CL_ST___mtspmdf_1478_run__i_1000_1000__i__i__i_1000_1000__i__i__i_1000_1000__i,0.3282361690000002,3.0322393888200008,13.679823360000002,
10,15,SACf__MAIN_CL_ST___mtspmdf_1478_run__i_1000_1000__i__i__i_1000_1000__i__i__i_1000_1000__i,0.35279565462000007,3.3238383450399995,14.569810139999998,
10,16,SACf__MAIN_CL_ST___mtspmdf_1478_run__i_1000_1000__i__i__i_1000_1000__i__i__i_1000_1000__i,0.3568877033199999,3.447273881060001,14.685516600000001,
11,1,SACf__MAIN_CL_ST___mtspmdf_1478_run__i_1000_1000__i__i__i_1000_1000__i__i__i_1000_1000__i,1.2474710520799999,1.2474364331799999,44.150024900000005,
11,2,SACf__MAIN_CL_ST___mtspmdf_1478_run__i_1000_1000__i__i__i_1000_1000__i__i__i_1000_1000__i,0.62239809112,1.24354370124,23.07162674000001,
11,3,SACf__MAIN_CL_ST___mtspmdf_1478_run__i_1000_1000__i__i__i_1000_1000__i__i__i_1000_1000__i,0.7463820058600001,2.2374734780600005,27.545047900000004,
11,4,SACf__MAIN_CL_ST___mtspmdf_1478_run__i_1000_1000__i__i__i_1000_1000__i__i__i_1000_1000__i,0.31499229155999997,1.2581224828200002,12.639076519999996,
11,5,SACf__MAIN_CL_ST___mtspmdf_1478_run__i_1000_1000__i__i__i_1000_1000__i__i__i_1000_1000__i,0.25024834136,1.2491091681800004,10.62300258,
11,6,SACf__MAIN_CL_ST___mtspmdf_1478_run__i_1000_1000__i__i__i_1000_1000__i__i__i_1000_1000__i,0.36785600358,2.0673001650000002,14.807310720000002,
11,7,SACf__MAIN_CL_ST___mtspmdf_1478_run__i_1000_1000__i__i__i_1000_1000__i__i__i_1000_1000__i,0.4038748825200001,2.47025492838,16.10391993999999,
11,8,SACf__MAIN_CL_ST___mtspmdf_1478_run__i_1000_1000__i__i__i_1000_1000__i__i__i_1000_1000__i,0.40159523924000007,2.635829828980001,15.983884820000004,
11,9,SACf__MAIN_CL_ST___mtspmdf_1478_run__i_1000_1000__i__i__i_1000_1000__i__i__i_1000_1000__i,0.35321584212000007,2.5258024201600007,14.333741399999994,
11,10,SACf__MAIN_CL_ST___mtspmdf_1478_run__i_1000_1000__i__i__i_1000_1000__i__i__i_1000_1000__i,0.35751557188000005,2.7145833654800002,14.534923699999995,
11,11,SACf__MAIN_CL_ST___mtspmdf_1478_run__i_1000_1000__i__i__i_1000_1000__i__i__i_1000_1000__i,0.3800815469000001,3.0100988668799986,15.373129559999995,
11,12,SACf__MAIN_CL_ST___mtspmdf_1478_run__i_1000_1000__i__i__i_1000_1000__i__i__i_1000_1000__i,0.4091957244400002,3.35926342356,16.441937900000003,
11,13,SACf__MAIN_CL_ST___mtspmdf_1478_run__i_1000_1000__i__i__i_1000_1000__i__i__i_1000_1000__i,0.4225522312400002,3.4064931406399994,17.231297419999997,
11,14,SACf__MAIN_CL_ST___mtspmdf_1478_run__i_1000_1000__i__i__i_1000_1000__i__i__i_1000_1000__i,0.3831951864399999,3.3119045962800002,15.576509219999997,
11,15,SACf__MAIN_CL_ST___mtspmdf_1478_run__i_1000_1000__i__i__i_1000_1000__i__i__i_1000_1000__i,0.35855607682,3.139809927740001,14.726065839999995,
11,16,SACf__MAIN_CL_ST___mtspmdf_1478_run__i_1000_1000__i__i__i_1000_1000__i__i__i_1000_1000__i,0.3824733721599998,3.5093388189999994,15.734829059999997,
12,1,SACf__MAIN_CL_ST___mtspmdf_1478_run__i_1000_1000__i__i__i_1000_1000__i__i__i_1000_1000__i,1.2081182366,1.2080918253200001,43.26603548,
12,2,SACf__MAIN_CL_ST___mtspmdf_1478_run__i_1000_1000__i__i__i_1000_1000__i__i__i_1000_1000__i,0.61903178944,1.2363692566,22.97843484,
12,3,SACf__MAIN_CL_ST___mtspmdf_1478_run__i_1000_1000__i__i__i_1000_1000__i__i__i_1000_1000__i,0.41595265090000005,1.2459270212600002,16.235754339999996,
12,4,SACf__MAIN_CL_ST___mtspmdf_1478_run__i_1000_1000__i__i__i_1000_1000__i__i__i_1000_1000__i,0.31192164388000004,1.2456233245399997,12.755598419999997,
12,5,SACf__MAIN_CL_ST___mtspmdf_1478_run__i_1000_1000__i__i__i_1000_1000__i__i__i_1000_1000__i,0.5178779666600001,2.4014711773600004,20.151430380000008,
12,6,SACf__MAIN_CL_ST___mtspmdf_1478_run__i_1000_1000__i__i__i_1000_1000__i__i__i_1000_1000__i,0.4659153538600001,2.4659244588000004,18.23225192,
12,7,SACf__MAIN_CL_ST___mtspmdf_1478_run__i_1000_1000__i__i__i_1000_1000__i__i__i_1000_1000__i,0.4084714986600001,2.37665163298,16.24667348,
12,8,SACf__MAIN_CL_ST___mtspmdf_1478_run__i_1000_1000__i__i__i_1000_1000__i__i__i_1000_1000__i,0.38248458600000007,2.4108947688600004,15.345971459999998,
12,9,SACf__MAIN_CL_ST___mtspmdf_1478_run__i_1000_1000__i__i__i_1000_1000__i__i__i_1000_1000__i,0.37230978048000013,2.6206563687599997,15.100992799999998,
12,10,SACf__MAIN_CL_ST___mtspmdf_1478_run__i_1000_1000__i__i__i_1000_1000__i__i__i_1000_1000__i,0.4127166176599998,2.79928374004,16.527986239999994,
12,11,SACf__MAIN_CL_ST___mtspmdf_1478_run__i_1000_1000__i__i__i_1000_1000__i__i__i_1000_1000__i,0.34679586811999996,2.67245527744,14.138588019999993,
12,12,SACf__MAIN_CL_ST___mtspmdf_1478_run__i_1000_1000__i__i__i_1000_1000__i__i__i_1000_1000__i,0.44111509856,3.3889617647400003,17.635949699999994,
12,13,SACf__MAIN_CL_ST___mtspmdf_1478_run__i_1000_1000__i__i__i_1000_1000__i__i__i_1000_1000__i,0.42181284954,3.3148095996000007,17.0577017,
12,14,SACf__MAIN_CL_ST___mtspmdf_1478_run__i_1000_1000__i__i__i_1000_1000__i__i__i_1000_1000__i,0.3713559042000001,3.20799046606,15.096077059999995,
12,15,SACf__MAIN_CL_ST___mtspmdf_1478_run__i_1000_1000__i__i__i_1000_1000__i__i__i_1000_1000__i,0.33251449964,2.8440706688199993,13.678476940000003,
12,16,SACf__MAIN_CL_ST___mtspmdf_1478_run__i_1000_1000__i__i__i_1000_1000__i__i__i_1000_1000__i,0.35775575066000004,3.2080827992399996,14.739012579999997,
13,1,SACf__MAIN_CL_ST___mtspmdf_1478_run__i_1000_1000__i__i__i_1000_1000__i__i__i_1000_1000__i,1.23736313442,1.2371462375200002,44.74250751999999,
13,2,SACf__MAIN_CL_ST___mtspmdf_1478_run__i_1000_1000__i__i__i_1000_1000__i__i__i_1000_1000__i,0.6196994849599999,1.2376040654200002,23.407824599999998,
13,3,SACf__MAIN_CL_ST___mtspmdf_1478_run__i_1000_1000__i__i__i_1000_1000__i__i__i_1000_1000__i,0.41603777236000006,1.2452410442200001,16.361226440000003,
13,4,SACf__MAIN_CL_ST___mtspmdf_1478_run__i_1000_1000__i__i__i_1000_1000__i__i__i_1000_1000__i,0.5188325577,1.92317795274,20.058211659999998,
13,5,SACf__MAIN_CL_ST___mtspmdf_1478_run__i_1000_1000__i__i__i_1000_1000__i__i__i_1000_1000__i,0.45550960218000003,1.9877055998400002,17.76618256,
13,6,SACf__MAIN_CL_ST___mtspmdf_1478_run__i_1000_1000__i__i__i_1000_1000__i__i__i_1000_1000__i,0.48559090242,2.3210475606600003,18.89068768,
13,7,SACf__MAIN_CL_ST___mtspmdf_1478_run__i_1000_1000__i__i__i_1000_1000__i__i__i_1000_1000__i,0.43991097778,2.482530175820001,17.295500199999996,
13,8,SACf__MAIN_CL_ST___mtspmdf_1478_run__i_1000_1000__i__i__i_1000_1000__i__i__i_1000_1000__i,0.4325552728200002,2.6105669726,17.164356740000002,
13,9,SACf__MAIN_CL_ST___mtspmdf_1478_run__i_1000_1000__i__i__i_1000_1000__i__i__i_1000_1000__i,0.42943573488,2.7372596721200004,17.12630502,
13,10,SACf__MAIN_CL_ST___mtspmdf_1478_run__i_1000_1000__i__i__i_1000_1000__i__i__i_1000_1000__i,0.39021957630000004,2.6897706201800005,15.626142839999998,
13,11,SACf__MAIN_CL_ST___mtspmdf_1478_run__i_1000_1000__i__i__i_1000_1000__i__i__i_1000_1000__i,0.3770359540000001,2.7654829965800003,15.223138520000003,
13,12,SACf__MAIN_CL_ST___mtspmdf_1478_run__i_1000_1000__i__i__i_1000_1000__i__i__i_1000_1000__i,0.28455598067999993,2.1533237910599996,11.8778724,
13,13,SACf__MAIN_CL_ST___mtspmdf_1478_run__i_1000_1000__i__i__i_1000_1000__i__i__i_1000_1000__i,0.4529562479800001,3.714133043259999,18.088460739999995,
13,14,SACf__MAIN_CL_ST___mtspmdf_1478_run__i_1000_1000__i__i__i_1000_1000__i__i__i_1000_1000__i,0.39391580168000007,3.15838739092,15.933787339999997,
13,15,SACf__MAIN_CL_ST___mtspmdf_1478_run__i_1000_1000__i__i__i_1000_1000__i__i__i_1000_1000__i,0.34343626084000006,2.8940273717400005,14.094985899999994,
13,16,SACf__MAIN_CL_ST___mtspmdf_1478_run__i_1000_1000__i__i__i_1000_1000__i__i__i_1000_1000__i,0.3767951729799999,3.20388580752,15.427722959999999,
14,1,SACf__MAIN_CL_ST___mtspmdf_1478_run__i_1000_1000__i__i__i_1000_1000__i__i__i_1000_1000__i,1.2404220971200004,1.2401097106399999,45.96810376000001,
14,2,SACf__MAIN_CL_ST___mtspmdf_1478_run__i_1000_1000__i__i__i_1000_1000__i__i__i_1000_1000__i,0.6251833644000001,1.2447731387600003,23.766997279999995,
14,3,SACf__MAIN_CL_ST___mtspmdf_1478_run__i_1000_1000__i__i__i_1000_1000__i__i__i_1000_1000__i,0.6501542374600002,1.7117672934599997,24.511037059999992,
14,4,SACf__MAIN_CL_ST___mtspmdf_1478_run__i_1000_1000__i__i__i_1000_1000__i__i__i_1000_1000__i,0.5403878766799999,1.8739979516799996,20.776831559999994,
14,5,SACf__MAIN_CL_ST___mtspmdf_1478_run__i_1000_1000__i__i__i_1000_1000__i__i__i_1000_1000__i,0.48817582460000003,1.9977810439400006,19.022640500000005,
14,6,SACf__MAIN_CL_ST___mtspmdf_1478_run__i_1000_1000__i__i__i_1000_1000__i__i__i_1000_1000__i,0.4771105796800002,2.2166383093999995,18.629033119999995,
14,7,SACf__MAIN_CL_ST___mtspmdf_1478_run__i_1000_1000__i__i__i_1000_1000__i__i__i_1000_1000__i,0.4267157168199999,2.3177240764,16.88199286,
14,8,SACf__MAIN_CL_ST___mtspmdf_1478_run__i_1000_1000__i__i__i_1000_1000__i__i__i_1000_1000__i,0.4605705385600002,2.6039256004399998,18.127602540000005,
14,9,SACf__MAIN_CL_ST___mtspmdf_1478_run__i_1000_1000__i__i__i_1000_1000__i__i__i_1000_1000__i,0.47055646558000014,2.738481611099999,18.577742959999995,
14,10,SACf__MAIN_CL_ST___mtspmdf_1478_run__i_1000_1000__i__i__i_1000_1000__i__i__i_1000_1000__i,0.44911265385999977,2.9348239133,17.769357599999992,
14,11,SACf__MAIN_CL_ST___mtspmdf_1478_run__i_1000_1000__i__i__i_1000_1000__i__i__i_1000_1000__i,0.43418886476000007,2.95198152552,17.30493132,
14,12,SACf__MAIN_CL_ST___mtspmdf_1478_run__i_1000_1000__i__i__i_1000_1000__i__i__i_1000_1000__i,0.3479161032200001,2.543692157819999,14.15950482,
14,13,SACf__MAIN_CL_ST___mtspmdf_1478_run__i_1000_1000__i__i__i_1000_1000__i__i__i_1000_1000__i,0.40447636222000005,3.084929000880001,16.325193840000004,
14,14,SACf__MAIN_CL_ST___mtspmdf_1478_run__i_1000_1000__i__i__i_1000_1000__i__i__i_1000_1000__i,0.3671962354800001,2.99594913966,15.002444519999994,
14,15,SACf__MAIN_CL_ST___mtspmdf_1478_run__i_1000_1000__i__i__i_1000_1000__i__i__i_1000_1000__i,0.35455793592000007,2.83147271036,14.527746,
14,16,SACf__MAIN_CL_ST___mtspmdf_1478_run__i_1000_1000__i__i__i_1000_1000__i__i__i_1000_1000__i,0.35863598547999986,2.8944336512199995,14.621753380000005,
15,1,SACf__MAIN_CL_ST___mtspmdf_1478_run__i_1000_1000__i__i__i_1000_1000__i__i__i_1000_1000__i,1.2399692481000002,1.23771184364,45.84621808000001,
15,2,SACf__MAIN_CL_ST___mtspmdf_1478_run__i_1000_1000__i__i__i_1000_1000__i__i__i_1000_1000__i,0.7660804710600001,1.3985853476599996,28.64763788,
15,3,SACf__MAIN_CL_ST___mtspmdf_1478_run__i_1000_1000__i__i__i_1000_1000__i__i__i_1000_1000__i,0.6757579633399999,1.7416307305199994,25.6014042,
15,4,SACf__MAIN_CL_ST___mtspmdf_1478_run__i_1000_1000__i__i__i_1000_1000__i__i__i_1000_1000__i,0.5144678670800001,1.7258130489600003,19.81160702,
15,5,SACf__MAIN_CL_ST___mtspmdf_1478_run__i_1000_1000__i__i__i_1000_1000__i__i__i_1000_1000__i,0.5383096403600001,2.0475227066999997,20.68166342,
15,6,SACf__MAIN_CL_ST___mtspmdf_1478_run__i_1000_1000__i__i__i_1000_1000__i__i__i_1000_1000__i,0.5331161118200001,2.30883975674,20.671238579999994,
15,7,SACf__MAIN_CL_ST___mtspmdf_1478_run__i_1000_1000__i__i__i_1000_1000__i__i__i_1000_1000__i,0.4331276210200001,2.05341520322,16.98553996,
15,8,SACf__MAIN_CL_ST___mtspmdf_1478_run__i_1000_1000__i__i__i_1000_1000__i__i__i_1000_1000__i,0.43991581365999993,2.4458493112200004,17.307316539999995,
15,9,SACf__MAIN_CL_ST___mtspmdf_1478_run__i_1000_1000__i__i__i_1000_1000__i__i__i_1000_1000__i,0.4579960960399999,2.6558627595800006,18.019138440000003,
15,10,SACf__MAIN_CL_ST___mtspmdf_1478_run__i_1000_1000__i__i__i_1000_1000__i__i__i_1000_1000__i,0.46175644666000004,2.9186899377599995,18.189916840000002,
15,11,SACf__MAIN_CL_ST___mtspmdf_1478_run__i_1000_1000__i__i__i_1000_1000__i__i__i_1000_1000__i,0.47119605946,2.9013688804999997,18.566627299999997,
15,12,SACf__MAIN_CL_ST___mtspmdf_1478_run__i_1000_1000__i__i__i_1000_1000__i__i__i_1000_1000__i,0.38366229732,2.6621957649800008,15.547771520000001,
15,13,SACf__MAIN_CL_ST___mtspmdf_1478_run__i_1000_1000__i__i__i_1000_1000__i__i__i_1000_1000__i,0.42687499422000025,3.0568646666599992,17.1591541,
15,14,SACf__MAIN_CL_ST___mtspmdf_1478_run__i_1000_1000__i__i__i_1000_1000__i__i__i_1000_1000__i,0.39151602853999995,2.994068656459999,15.750828820000002,
15,15,SACf__MAIN_CL_ST___mtspmdf_1478_run__i_1000_1000__i__i__i_1000_1000__i__i__i_1000_1000__i,0.36687607656000004,2.9195338919999996,14.958296700000004,
15,16,SACf__MAIN_CL_ST___mtspmdf_1478_run__i_1000_1000__i__i__i_1000_1000__i__i__i_1000_1000__i,0.3969543680399999,3.28536676592,15.990283759999997,
16,1,SACf__MAIN_CL_ST___mtspmdf_1478_run__i_1000_1000__i__i__i_1000_1000__i__i__i_1000_1000__i,1.3752446209399993,1.2359673088800003,50.32339778000001,
16,2,SACf__MAIN_CL_ST___mtspmdf_1478_run__i_1000_1000__i__i__i_1000_1000__i__i__i_1000_1000__i,0.8490978094000002,1.4005149123600007,31.56832988,
16,3,SACf__MAIN_CL_ST___mtspmdf_1478_run__i_1000_1000__i__i__i_1000_1000__i__i__i_1000_1000__i,0.7683147254800002,1.84914957834,29.094564220000002,
16,4,SACf__MAIN_CL_ST___mtspmdf_1478_run__i_1000_1000__i__i__i_1000_1000__i__i__i_1000_1000__i,0.5913482248000002,1.7871374015399994,22.518554379999998,
16,5,SACf__MAIN_CL_ST___mtspmdf_1478_run__i_1000_1000__i__i__i_1000_1000__i__i__i_1000_1000__i,0.57825014456,2.115474311979999,22.270580199999994,
16,6,SACf__MAIN_CL_ST___mtspmdf_1478_run__i_1000_1000__i__i__i_1000_1000__i__i__i_1000_1000__i,0.47431096256000005,1.9837611246599993,18.56842288,
